Date,Source,Site ID,POC,Daily Mean PM10 Concentration,UNITS,DAILY_AQI_VALUE,Site Name,DAILY_OBS_COUNT,PERCENT_COMPLETE,AQS_PARAMETER_CODE,AQS_PARAMETER_DESC,CBSA_CODE,CBSA_NAME,STATE_CODE,STATE,COUNTY_CODE,COUNTY,SITE_LATITUDE,SITE_LONGITUDE
1/4/20,AQS,60730001,2,25,ug/m3 SC,23,Chula Vista,1,100,81102,PM10 Total 0-10um STP,41740,"San Diego-Carlsbad, CA",6,California,73,San Diego,32.631242,-117.059088
1/10/20,AQS,60730001,2,17,ug/m3 SC,16,Chula Vista,1,100,81102,PM10 Total 0-10um STP,41740,"San Diego-Carlsbad, CA",6,California,73,San Diego,32.631242,-117.059088
1/16/20,AQS,60730001,2,39,ug/m3 SC,36,Chula Vista,1,100,81102,PM10 Total 0-10um STP,41740,"San Diego-Carlsbad, CA",6,California,73,San Diego,32.631242,-117.059088
1/22/20,AQS,60730001,2,14,ug/m3 SC,13,Chula Vista,1,100,81102,PM10 Total 0-10um STP,41740,"San Diego-Carlsbad, CA",6,California,73,San Diego,32.631242,-117.059088
1/28/20,AQS,60730001,2,20,ug/m3 SC,19,Chula Vista,1,100,81102,PM10 Total 0-10um STP,41740,"San Diego-Carlsbad, CA",6,California,73,San Diego,32.631242,-117.059088
2/3/20,AQS,60730001,2,37,ug/m3 SC,34,Chula Vista,1,100,81102,PM10 Total 0-10um STP,41740,"San Diego-Carlsbad, CA",6,California,73,San Diego,32.631242,-117.059088
2/9/20,AQS,60730001,2,14,ug/m3 SC,13,Chula Vista,1,100,81102,PM10 Total 0-10um STP,41740,"San Diego-Carlsbad, CA",6,California,73,San Diego,32.631242,-117.059088
2/15/20,AQS,60730001,2,27,ug/m3 SC,25,Chula Vista,1,100,81102,PM10 Total 0-10um STP,41740,"San Diego-Carlsbad, CA",6,California,73,San Diego,32.631242,-117.059088
2/21/20,AQS,60730001,2,38,ug/m3 SC,35,Chula Vista,1,100,81102,PM10 Total 0-10um STP,41740,"San Diego-Carlsbad, CA",6,California,73,San Diego,32.631242,-117.059088
3/4/20,AQS,60730001,2,33,ug/m3 SC,31,Chula Vista,1,100,81102,PM10 Total 0-10um STP,41740,"San Diego-Carlsbad, CA",6,California,73,San Diego,32.631242,-117.059088
3/10/20,AQS,60730001,2,5,ug/m3 SC,5,Chula Vista,1,100,81102,PM10 Total 0-10um STP,41740,"San Diego-Carlsbad, CA",6,California,73,San Diego,32.631242,-117.059088
3/22/20,AQS,60730001,2,8,ug/m3 SC,7,Chula Vista,1,100,81102,PM10 Total 0-10um STP,41740,"San Diego-Carlsbad, CA",6,California,73,San Diego,32.631242,-117.059088
3/28/20,AQS,60730001,2,17,ug/m3 SC,16,Chula Vista,1,100,81102,PM10 Total 0-10um STP,41740,"San Diego-Carlsbad, CA",6,California,73,San Diego,32.631242,-117.059088
4/3/20,AQS,60730001,2,31,ug/m3 SC,29,Chula Vista,1,100,81102,PM10 Total 0-10um STP,41740,"San Diego-Carlsbad, CA",6,California,73,San Diego,32.631242,-117.059088
4/9/20,AQS,60730001,2,6,ug/m3 SC,6,Chula Vista,1,100,81102,PM10 Total 0-10um STP,41740,"San Diego-Carlsbad, CA",6,California,73,San Diego,32.631242,-117.059088
4/15/20,AQS,60730001,2,20,ug/m3 SC,19,Chula Vista,1,100,81102,PM10 Total 0-10um STP,41740,"San Diego-Carlsbad, CA",6,California,73,San Diego,32.631242,-117.059088
4/21/20,AQS,60730001,2,16,ug/m3 SC,15,Chula Vista,1,100,81102,PM10 Total 0-10um STP,41740,"San Diego-Carlsbad, CA",6,California,73,San Diego,32.631242,-117.059088
4/27/20,AQS,60730001,2,24,ug/m3 SC,22,Chula Vista,1,100,81102,PM10 Total 0-10um STP,41740,"San Diego-Carlsbad, CA",6,California,73,San Diego,32.631242,-117.059088
5/3/20,AQS,60730001,2,22,ug/m3 SC,20,Chula Vista,1,100,81102,PM10 Total 0-10um STP,41740,"San Diego-Carlsbad, CA",6,California,73,San Diego,32.631242,-117.059088
5/9/20,AQS,60730001,2,29,ug/m3 SC,27,Chula Vista,1,100,81102,PM10 Total 0-10um STP,41740,"San Diego-Carlsbad, CA",6,California,73,San Diego,32.631242,-117.059088
5/15/20,AQS,60730001,2,22,ug/m3 SC,20,Chula Vista,1,100,81102,PM10 Total 0-10um STP,41740,"San Diego-Carlsbad, CA",6,California,73,San Diego,32.631242,-117.059088
5/21/20,AQS,60730001,2,19,ug/m3 SC,18,Chula Vista,1,100,81102,PM10 Total 0-10um STP,41740,"San Diego-Carlsbad, CA",6,California,73,San Diego,32.631242,-117.059088
5/27/20,AQS,60730001,2,16,ug/m3 SC,15,Chula Vista,1,100,81102,PM10 Total 0-10um STP,41740,"San Diego-Carlsbad, CA",6,California,73,San Diego,32.631242,-117.059088
6/2/20,AQS,60730001,2,24,ug/m3 SC,22,Chula Vista,1,100,81102,PM10 Total 0-10um STP,41740,"San Diego-Carlsbad, CA",6,California,73,San Diego,32.631242,-117.059088
6/8/20,AQS,60730001,2,30,ug/m3 SC,28,Chula Vista,1,100,81102,PM10 Total 0-10um STP,41740,"San Diego-Carlsbad, CA",6,California,73,San Diego,32.631242,-117.059088
6/14/20,AQS,60730001,2,21,ug/m3 SC,19,Chula Vista,1,100,81102,PM10 Total 0-10um STP,41740,"San Diego-Carlsbad, CA",6,California,73,San Diego,32.631242,-117.059088
6/20/20,AQS,60730001,2,16,ug/m3 SC,15,Chula Vista,1,100,81102,PM10 Total 0-10um STP,41740,"San Diego-Carlsbad, CA",6,California,73,San Diego,32.631242,-117.059088
6/26/20,AQS,60730001,2,11,ug/m3 SC,10,Chula Vista,1,100,81102,PM10 Total 0-10um STP,41740,"San Diego-Carlsbad, CA",6,California,73,San Diego,32.631242,-117.059088
7/2/20,AQS,60730001,2,21,ug/m3 SC,19,Chula Vista,1,100,81102,PM10 Total 0-10um STP,41740,"San Diego-Carlsbad, CA",6,California,73,San Diego,32.631242,-117.059088
7/8/20,AQS,60730001,2,30,ug/m3 SC,28,Chula Vista,1,100,81102,PM10 Total 0-10um STP,41740,"San Diego-Carlsbad, CA",6,California,73,San Diego,32.631242,-117.059088
7/14/20,AQS,60730001,2,20,ug/m3 SC,19,Chula Vista,1,100,81102,PM10 Total 0-10um STP,41740,"San Diego-Carlsbad, CA",6,California,73,San Diego,32.631242,-117.059088
7/20/20,AQS,60730001,2,15,ug/m3 SC,14,Chula Vista,1,100,81102,PM10 Total 0-10um STP,41740,"San Diego-Carlsbad, CA",6,California,73,San Diego,32.631242,-117.059088
7/26/20,AQS,60730001,2,16,ug/m3 SC,15,Chula Vista,1,100,81102,PM10 Total 0-10um STP,41740,"San Diego-Carlsbad, CA",6,California,73,San Diego,32.631242,-117.059088
8/1/20,AQS,60730001,2,21,ug/m3 SC,19,Chula Vista,1,100,81102,PM10 Total 0-10um STP,41740,"San Diego-Carlsbad, CA",6,California,73,San Diego,32.631242,-117.059088
8/7/20,AQS,60730001,2,20,ug/m3 SC,19,Chula Vista,1,100,81102,PM10 Total 0-10um STP,41740,"San Diego-Carlsbad, CA",6,California,73,San Diego,32.631242,-117.059088
8/13/20,AQS,60730001,2,23,ug/m3 SC,21,Chula Vista,1,100,81102,PM10 Total 0-10um STP,41740,"San Diego-Carlsbad, CA",6,California,73,San Diego,32.631242,-117.059088
8/19/20,AQS,60730001,2,24,ug/m3 SC,22,Chula Vista,1,100,81102,PM10 Total 0-10um STP,41740,"San Diego-Carlsbad, CA",6,California,73,San Diego,32.631242,-117.059088
8/25/20,AQS,60730001,2,24,ug/m3 SC,22,Chula Vista,1,100,81102,PM10 Total 0-10um STP,41740,"San Diego-Carlsbad, CA",6,California,73,San Diego,32.631242,-117.059088
8/31/20,AQS,60730001,2,15,ug/m3 SC,14,Chula Vista,1,100,81102,PM10 Total 0-10um STP,41740,"San Diego-Carlsbad, CA",6,California,73,San Diego,32.631242,-117.059088
9/6/20,AQS,60730001,2,44,ug/m3 SC,41,Chula Vista,1,100,81102,PM10 Total 0-10um STP,41740,"San Diego-Carlsbad, CA",6,California,73,San Diego,32.631242,-117.059088
9/12/20,AQS,60730001,2,68,ug/m3 SC,57,Chula Vista,1,100,81102,PM10 Total 0-10um STP,41740,"San Diego-Carlsbad, CA",6,California,73,San Diego,32.631242,-117.059088
9/18/20,AQS,60730001,2,39,ug/m3 SC,36,Chula Vista,1,100,81102,PM10 Total 0-10um STP,41740,"San Diego-Carlsbad, CA",6,California,73,San Diego,32.631242,-117.059088
9/24/20,AQS,60730001,2,31,ug/m3 SC,29,Chula Vista,1,100,81102,PM10 Total 0-10um STP,41740,"San Diego-Carlsbad, CA",6,California,73,San Diego,32.631242,-117.059088
10/6/20,AQS,60730001,2,55,ug/m3 SC,51,Chula Vista,1,100,81102,PM10 Total 0-10um STP,41740,"San Diego-Carlsbad, CA",6,California,73,San Diego,32.631242,-117.059088
10/12/20,AQS,60730001,2,32,ug/m3 SC,30,Chula Vista,1,100,81102,PM10 Total 0-10um STP,41740,"San Diego-Carlsbad, CA",6,California,73,San Diego,32.631242,-117.059088
10/18/20,AQS,60730001,2,28,ug/m3 SC,26,Chula Vista,1,100,81102,PM10 Total 0-10um STP,41740,"San Diego-Carlsbad, CA",6,California,73,San Diego,32.631242,-117.059088
10/24/20,AQS,60730001,2,17,ug/m3 SC,16,Chula Vista,1,100,81102,PM10 Total 0-10um STP,41740,"San Diego-Carlsbad, CA",6,California,73,San Diego,32.631242,-117.059088
10/30/20,AQS,60730001,2,28,ug/m3 SC,26,Chula Vista,1,100,81102,PM10 Total 0-10um STP,41740,"San Diego-Carlsbad, CA",6,California,73,San Diego,32.631242,-117.059088
11/5/20,AQS,60730001,2,35,ug/m3 SC,32,Chula Vista,1,100,81102,PM10 Total 0-10um STP,41740,"San Diego-Carlsbad, CA",6,California,73,San Diego,32.631242,-117.059088
11/11/20,AQS,60730001,2,20,ug/m3 SC,19,Chula Vista,1,100,81102,PM10 Total 0-10um STP,41740,"San Diego-Carlsbad, CA",6,California,73,San Diego,32.631242,-117.059088
11/17/20,AQS,60730001,2,28,ug/m3 SC,26,Chula Vista,1,100,81102,PM10 Total 0-10um STP,41740,"San Diego-Carlsbad, CA",6,California,73,San Diego,32.631242,-117.059088
11/23/20,AQS,60730001,2,33,ug/m3 SC,31,Chula Vista,1,100,81102,PM10 Total 0-10um STP,41740,"San Diego-Carlsbad, CA",6,California,73,San Diego,32.631242,-117.059088
11/29/20,AQS,60730001,2,19,ug/m3 SC,18,Chula Vista,1,100,81102,PM10 Total 0-10um STP,41740,"San Diego-Carlsbad, CA",6,California,73,San Diego,32.631242,-117.059088
12/5/20,AQS,60730001,2,28,ug/m3 SC,26,Chula Vista,1,100,81102,PM10 Total 0-10um STP,41740,"San Diego-Carlsbad, CA",6,California,73,San Diego,32.631242,-117.059088
12/11/20,AQS,60730001,2,27,ug/m3 SC,25,Chula Vista,1,100,81102,PM10 Total 0-10um STP,41740,"San Diego-Carlsbad, CA",6,California,73,San Diego,32.631242,-117.059088
12/17/20,AQS,60730001,2,21,ug/m3 SC,19,Chula Vista,1,100,81102,PM10 Total 0-10um STP,41740,"San Diego-Carlsbad, CA",6,California,73,San Diego,32.631242,-117.059088
12/23/20,AQS,60730001,2,39,ug/m3 SC,36,Chula Vista,1,100,81102,PM10 Total 0-10um STP,41740,"San Diego-Carlsbad, CA",6,California,73,San Diego,32.631242,-117.059088
12/29/20,AQS,60730001,2,14,ug/m3 SC,13,Chula Vista,1,100,81102,PM10 Total 0-10um STP,41740,"San Diego-Carlsbad, CA",6,California,73,San Diego,32.631242,-117.059088
1/4/20,AQS,60731014,1,35,ug/m3 SC,32,Donovan,1,100,81102,PM10 Total 0-10um STP,41740,"San Diego-Carlsbad, CA",6,California,73,San Diego,32.57816,-116.92135
1/10/20,AQS,60731014,1,17,ug/m3 SC,16,Donovan,1,100,81102,PM10 Total 0-10um STP,41740,"San Diego-Carlsbad, CA",6,California,73,San Diego,32.57816,-116.92135
1/16/20,AQS,60731014,1,52,ug/m3 SC,48,Donovan,1,100,81102,PM10 Total 0-10um STP,41740,"San Diego-Carlsbad, CA",6,California,73,San Diego,32.57816,-116.92135
1/22/20,AQS,60731014,1,22,ug/m3 SC,20,Donovan,1,100,81102,PM10 Total 0-10um STP,41740,"San Diego-Carlsbad, CA",6,California,73,San Diego,32.57816,-116.92135
1/28/20,AQS,60731014,1,33,ug/m3 SC,31,Donovan,1,100,81102,PM10 Total 0-10um STP,41740,"San Diego-Carlsbad, CA",6,California,73,San Diego,32.57816,-116.92135
2/3/20,AQS,60731014,1,45,ug/m3 SC,42,Donovan,1,100,81102,PM10 Total 0-10um STP,41740,"San Diego-Carlsbad, CA",6,California,73,San Diego,32.57816,-116.92135
2/9/20,AQS,60731014,1,15,ug/m3 SC,14,Donovan,1,100,81102,PM10 Total 0-10um STP,41740,"San Diego-Carlsbad, CA",6,California,73,San Diego,32.57816,-116.92135
2/15/20,AQS,60731014,1,42,ug/m3 SC,39,Donovan,1,100,81102,PM10 Total 0-10um STP,41740,"San Diego-Carlsbad, CA",6,California,73,San Diego,32.57816,-116.92135
2/21/20,AQS,60731014,1,77,ug/m3 SC,62,Donovan,1,100,81102,PM10 Total 0-10um STP,41740,"San Diego-Carlsbad, CA",6,California,73,San Diego,32.57816,-116.92135
2/27/20,AQS,60731014,1,62,ug/m3 SC,54,Donovan,1,100,81102,PM10 Total 0-10um STP,41740,"San Diego-Carlsbad, CA",6,California,73,San Diego,32.57816,-116.92135
3/4/20,AQS,60731014,1,44,ug/m3 SC,41,Donovan,1,100,81102,PM10 Total 0-10um STP,41740,"San Diego-Carlsbad, CA",6,California,73,San Diego,32.57816,-116.92135
3/10/20,AQS,60731014,1,6,ug/m3 SC,6,Donovan,1,100,81102,PM10 Total 0-10um STP,41740,"San Diego-Carlsbad, CA",6,California,73,San Diego,32.57816,-116.92135
3/16/20,AQS,60731014,1,22,ug/m3 SC,20,Donovan,1,100,81102,PM10 Total 0-10um STP,41740,"San Diego-Carlsbad, CA",6,California,73,San Diego,32.57816,-116.92135
3/22/20,AQS,60731014,1,17,ug/m3 SC,16,Donovan,1,100,81102,PM10 Total 0-10um STP,41740,"San Diego-Carlsbad, CA",6,California,73,San Diego,32.57816,-116.92135
3/28/20,AQS,60731014,1,26,ug/m3 SC,24,Donovan,1,100,81102,PM10 Total 0-10um STP,41740,"San Diego-Carlsbad, CA",6,California,73,San Diego,32.57816,-116.92135
4/3/20,AQS,60731014,1,59,ug/m3 SC,53,Donovan,1,100,81102,PM10 Total 0-10um STP,41740,"San Diego-Carlsbad, CA",6,California,73,San Diego,32.57816,-116.92135
4/9/20,AQS,60731014,1,6,ug/m3 SC,6,Donovan,1,100,81102,PM10 Total 0-10um STP,41740,"San Diego-Carlsbad, CA",6,California,73,San Diego,32.57816,-116.92135
4/15/20,AQS,60731014,1,46,ug/m3 SC,43,Donovan,1,100,81102,PM10 Total 0-10um STP,41740,"San Diego-Carlsbad, CA",6,California,73,San Diego,32.57816,-116.92135
4/21/20,AQS,60731014,1,21,ug/m3 SC,19,Donovan,1,100,81102,PM10 Total 0-10um STP,41740,"San Diego-Carlsbad, CA",6,California,73,San Diego,32.57816,-116.92135
4/27/20,AQS,60731014,1,36,ug/m3 SC,33,Donovan,1,100,81102,PM10 Total 0-10um STP,41740,"San Diego-Carlsbad, CA",6,California,73,San Diego,32.57816,-116.92135
5/3/20,AQS,60731014,1,34,ug/m3 SC,31,Donovan,1,100,81102,PM10 Total 0-10um STP,41740,"San Diego-Carlsbad, CA",6,California,73,San Diego,32.57816,-116.92135
5/9/20,AQS,60731014,1,35,ug/m3 SC,32,Donovan,1,100,81102,PM10 Total 0-10um STP,41740,"San Diego-Carlsbad, CA",6,California,73,San Diego,32.57816,-116.92135
5/15/20,AQS,60731014,1,35,ug/m3 SC,32,Donovan,1,100,81102,PM10 Total 0-10um STP,41740,"San Diego-Carlsbad, CA",6,California,73,San Diego,32.57816,-116.92135
5/21/20,AQS,60731014,1,36,ug/m3 SC,33,Donovan,1,100,81102,PM10 Total 0-10um STP,41740,"San Diego-Carlsbad, CA",6,California,73,San Diego,32.57816,-116.92135
5/27/20,AQS,60731014,1,22,ug/m3 SC,20,Donovan,1,100,81102,PM10 Total 0-10um STP,41740,"San Diego-Carlsbad, CA",6,California,73,San Diego,32.57816,-116.92135
6/2/20,AQS,60731014,1,52,ug/m3 SC,48,Donovan,1,100,81102,PM10 Total 0-10um STP,41740,"San Diego-Carlsbad, CA",6,California,73,San Diego,32.57816,-116.92135
6/8/20,AQS,60731014,1,55,ug/m3 SC,51,Donovan,1,100,81102,PM10 Total 0-10um STP,41740,"San Diego-Carlsbad, CA",6,California,73,San Diego,32.57816,-116.92135
6/14/20,AQS,60731014,1,37,ug/m3 SC,34,Donovan,1,100,81102,PM10 Total 0-10um STP,41740,"San Diego-Carlsbad, CA",6,California,73,San Diego,32.57816,-116.92135
6/20/20,AQS,60731014,1,21,ug/m3 SC,19,Donovan,1,100,81102,PM10 Total 0-10um STP,41740,"San Diego-Carlsbad, CA",6,California,73,San Diego,32.57816,-116.92135
6/26/20,AQS,60731014,1,26,ug/m3 SC,24,Donovan,1,100,81102,PM10 Total 0-10um STP,41740,"San Diego-Carlsbad, CA",6,California,73,San Diego,32.57816,-116.92135
7/2/20,AQS,60731014,1,32,ug/m3 SC,30,Donovan,1,100,81102,PM10 Total 0-10um STP,41740,"San Diego-Carlsbad, CA",6,California,73,San Diego,32.57816,-116.92135
7/8/20,AQS,60731014,1,48,ug/m3 SC,44,Donovan,1,100,81102,PM10 Total 0-10um STP,41740,"San Diego-Carlsbad, CA",6,California,73,San Diego,32.57816,-116.92135
7/14/20,AQS,60731014,1,38,ug/m3 SC,35,Donovan,1,100,81102,PM10 Total 0-10um STP,41740,"San Diego-Carlsbad, CA",6,California,73,San Diego,32.57816,-116.92135
7/20/20,AQS,60731014,1,21,ug/m3 SC,19,Donovan,1,100,81102,PM10 Total 0-10um STP,41740,"San Diego-Carlsbad, CA",6,California,73,San Diego,32.57816,-116.92135
7/26/20,AQS,60731014,1,28,ug/m3 SC,26,Donovan,1,100,81102,PM10 Total 0-10um STP,41740,"San Diego-Carlsbad, CA",6,California,73,San Diego,32.57816,-116.92135
8/1/20,AQS,60731014,1,62,ug/m3 SC,54,Donovan,1,100,81102,PM10 Total 0-10um STP,41740,"San Diego-Carlsbad, CA",6,California,73,San Diego,32.57816,-116.92135
8/7/20,AQS,60731014,1,33,ug/m3 SC,31,Donovan,1,100,81102,PM10 Total 0-10um STP,41740,"San Diego-Carlsbad, CA",6,California,73,San Diego,32.57816,-116.92135
8/13/20,AQS,60731014,1,58,ug/m3 SC,52,Donovan,1,100,81102,PM10 Total 0-10um STP,41740,"San Diego-Carlsbad, CA",6,California,73,San Diego,32.57816,-116.92135
8/19/20,AQS,60731014,1,53,ug/m3 SC,49,Donovan,1,100,81102,PM10 Total 0-10um STP,41740,"San Diego-Carlsbad, CA",6,California,73,San Diego,32.57816,-116.92135
8/25/20,AQS,60731014,1,26,ug/m3 SC,24,Donovan,1,100,81102,PM10 Total 0-10um STP,41740,"San Diego-Carlsbad, CA",6,California,73,San Diego,32.57816,-116.92135
8/31/20,AQS,60731014,1,21,ug/m3 SC,19,Donovan,1,100,81102,PM10 Total 0-10um STP,41740,"San Diego-Carlsbad, CA",6,California,73,San Diego,32.57816,-116.92135
9/6/20,AQS,60731014,1,74,ug/m3 SC,60,Donovan,1,100,81102,PM10 Total 0-10um STP,41740,"San Diego-Carlsbad, CA",6,California,73,San Diego,32.57816,-116.92135
9/12/20,AQS,60731014,1,85,ug/m3 SC,66,Donovan,1,100,81102,PM10 Total 0-10um STP,41740,"San Diego-Carlsbad, CA",6,California,73,San Diego,32.57816,-116.92135
9/18/20,AQS,60731014,1,118,ug/m3 SC,82,Donovan,1,100,81102,PM10 Total 0-10um STP,41740,"San Diego-Carlsbad, CA",6,California,73,San Diego,32.57816,-116.92135
9/24/20,AQS,60731014,1,114,ug/m3 SC,80,Donovan,1,100,81102,PM10 Total 0-10um STP,41740,"San Diego-Carlsbad, CA",6,California,73,San Diego,32.57816,-116.92135
9/30/20,AQS,60731014,1,174,ug/m3 SC,110,Donovan,1,100,81102,PM10 Total 0-10um STP,41740,"San Diego-Carlsbad, CA",6,California,73,San Diego,32.57816,-116.92135
10/6/20,AQS,60731014,1,158,ug/m3 SC,102,Donovan,1,100,81102,PM10 Total 0-10um STP,41740,"San Diego-Carlsbad, CA",6,California,73,San Diego,32.57816,-116.92135
10/12/20,AQS,60731014,1,96,ug/m3 SC,71,Donovan,1,100,81102,PM10 Total 0-10um STP,41740,"San Diego-Carlsbad, CA",6,California,73,San Diego,32.57816,-116.92135
10/18/20,AQS,60731014,1,61,ug/m3 SC,54,Donovan,1,100,81102,PM10 Total 0-10um STP,41740,"San Diego-Carlsbad, CA",6,California,73,San Diego,32.57816,-116.92135
10/24/20,AQS,60731014,1,20,ug/m3 SC,19,Donovan,1,100,81102,PM10 Total 0-10um STP,41740,"San Diego-Carlsbad, CA",6,California,73,San Diego,32.57816,-116.92135
10/30/20,AQS,60731014,1,151,ug/m3 SC,99,Donovan,1,100,81102,PM10 Total 0-10um STP,41740,"San Diego-Carlsbad, CA",6,California,73,San Diego,32.57816,-116.92135
11/8/20,AQS,60731014,1,13,ug/m3 SC,12,Donovan,1,100,81102,PM10 Total 0-10um STP,41740,"San Diego-Carlsbad, CA",6,California,73,San Diego,32.57816,-116.92135
11/11/20,AQS,60731014,1,49,ug/m3 SC,45,Donovan,1,100,81102,PM10 Total 0-10um STP,41740,"San Diego-Carlsbad, CA",6,California,73,San Diego,32.57816,-116.92135
11/17/20,AQS,60731014,1,98,ug/m3 SC,72,Donovan,1,100,81102,PM10 Total 0-10um STP,41740,"San Diego-Carlsbad, CA",6,California,73,San Diego,32.57816,-116.92135
11/23/20,AQS,60731014,1,61,ug/m3 SC,54,Donovan,1,100,81102,PM10 Total 0-10um STP,41740,"San Diego-Carlsbad, CA",6,California,73,San Diego,32.57816,-116.92135
11/29/20,AQS,60731014,1,45,ug/m3 SC,42,Donovan,1,100,81102,PM10 Total 0-10um STP,41740,"San Diego-Carlsbad, CA",6,California,73,San Diego,32.57816,-116.92135
12/5/20,AQS,60731014,1,69,ug/m3 SC,58,Donovan,1,100,81102,PM10 Total 0-10um STP,41740,"San Diego-Carlsbad, CA",6,California,73,San Diego,32.57816,-116.92135
12/11/20,AQS,60731014,1,72,ug/m3 SC,59,Donovan,1,100,81102,PM10 Total 0-10um STP,41740,"San Diego-Carlsbad, CA",6,California,73,San Diego,32.57816,-116.92135
12/18/20,AQS,60731014,1,33,ug/m3 SC,31,Donovan,1,100,81102,PM10 Total 0-10um STP,41740,"San Diego-Carlsbad, CA",6,California,73,San Diego,32.57816,-116.92135
12/23/20,AQS,60731014,1,72,ug/m3 SC,59,Donovan,1,100,81102,PM10 Total 0-10um STP,41740,"San Diego-Carlsbad, CA",6,California,73,San Diego,32.57816,-116.92135
12/29/20,AQS,60731014,1,14,ug/m3 SC,13,Donovan,1,100,81102,PM10 Total 0-10um STP,41740,"San Diego-Carlsbad, CA",6,California,73,San Diego,32.57816,-116.92135
1/4/20,AQS,60731014,2,36,ug/m3 SC,33,Donovan,1,100,81102,PM10 Total 0-10um STP,41740,"San Diego-Carlsbad, CA",6,California,73,San Diego,32.57816,-116.92135
1/10/20,AQS,60731014,2,17,ug/m3 SC,16,Donovan,1,100,81102,PM10 Total 0-10um STP,41740,"San Diego-Carlsbad, CA",6,California,73,San Diego,32.57816,-116.92135
1/16/20,AQS,60731014,2,55,ug/m3 SC,51,Donovan,1,100,81102,PM10 Total 0-10um STP,41740,"San Diego-Carlsbad, CA",6,California,73,San Diego,32.57816,-116.92135
1/22/20,AQS,60731014,2,22,ug/m3 SC,20,Donovan,1,100,81102,PM10 Total 0-10um STP,41740,"San Diego-Carlsbad, CA",6,California,73,San Diego,32.57816,-116.92135
1/28/20,AQS,60731014,2,32,ug/m3 SC,30,Donovan,1,100,81102,PM10 Total 0-10um STP,41740,"San Diego-Carlsbad, CA",6,California,73,San Diego,32.57816,-116.92135
2/3/20,AQS,60731014,2,46,ug/m3 SC,43,Donovan,1,100,81102,PM10 Total 0-10um STP,41740,"San Diego-Carlsbad, CA",6,California,73,San Diego,32.57816,-116.92135
2/9/20,AQS,60731014,2,14,ug/m3 SC,13,Donovan,1,100,81102,PM10 Total 0-10um STP,41740,"San Diego-Carlsbad, CA",6,California,73,San Diego,32.57816,-116.92135
2/15/20,AQS,60731014,2,43,ug/m3 SC,40,Donovan,1,100,81102,PM10 Total 0-10um STP,41740,"San Diego-Carlsbad, CA",6,California,73,San Diego,32.57816,-116.92135
2/27/20,AQS,60731014,2,54,ug/m3 SC,50,Donovan,1,100,81102,PM10 Total 0-10um STP,41740,"San Diego-Carlsbad, CA",6,California,73,San Diego,32.57816,-116.92135
3/4/20,AQS,60731014,2,45,ug/m3 SC,42,Donovan,1,100,81102,PM10 Total 0-10um STP,41740,"San Diego-Carlsbad, CA",6,California,73,San Diego,32.57816,-116.92135
3/10/20,AQS,60731014,2,5,ug/m3 SC,5,Donovan,1,100,81102,PM10 Total 0-10um STP,41740,"San Diego-Carlsbad, CA",6,California,73,San Diego,32.57816,-116.92135
3/16/20,AQS,60731014,2,22,ug/m3 SC,20,Donovan,1,100,81102,PM10 Total 0-10um STP,41740,"San Diego-Carlsbad, CA",6,California,73,San Diego,32.57816,-116.92135
3/28/20,AQS,60731014,2,27,ug/m3 SC,25,Donovan,1,100,81102,PM10 Total 0-10um STP,41740,"San Diego-Carlsbad, CA",6,California,73,San Diego,32.57816,-116.92135
4/3/20,AQS,60731014,2,60,ug/m3 SC,53,Donovan,1,100,81102,PM10 Total 0-10um STP,41740,"San Diego-Carlsbad, CA",6,California,73,San Diego,32.57816,-116.92135
4/9/20,AQS,60731014,2,6,ug/m3 SC,6,Donovan,1,100,81102,PM10 Total 0-10um STP,41740,"San Diego-Carlsbad, CA",6,California,73,San Diego,32.57816,-116.92135
4/15/20,AQS,60731014,2,46,ug/m3 SC,43,Donovan,1,100,81102,PM10 Total 0-10um STP,41740,"San Diego-Carlsbad, CA",6,California,73,San Diego,32.57816,-116.92135
4/21/20,AQS,60731014,2,21,ug/m3 SC,19,Donovan,1,100,81102,PM10 Total 0-10um STP,41740,"San Diego-Carlsbad, CA",6,California,73,San Diego,32.57816,-116.92135
4/27/20,AQS,60731014,2,35,ug/m3 SC,32,Donovan,1,100,81102,PM10 Total 0-10um STP,41740,"San Diego-Carlsbad, CA",6,California,73,San Diego,32.57816,-116.92135
5/3/20,AQS,60731014,2,35,ug/m3 SC,32,Donovan,1,100,81102,PM10 Total 0-10um STP,41740,"San Diego-Carlsbad, CA",6,California,73,San Diego,32.57816,-116.92135
5/9/20,AQS,60731014,2,36,ug/m3 SC,33,Donovan,1,100,81102,PM10 Total 0-10um STP,41740,"San Diego-Carlsbad, CA",6,California,73,San Diego,32.57816,-116.92135
5/15/20,AQS,60731014,2,36,ug/m3 SC,33,Donovan,1,100,81102,PM10 Total 0-10um STP,41740,"San Diego-Carlsbad, CA",6,California,73,San Diego,32.57816,-116.92135
5/16/20,AQS,60731014,2,38,ug/m3 SC,35,Donovan,1,100,81102,PM10 Total 0-10um STP,41740,"San Diego-Carlsbad, CA",6,California,73,San Diego,32.57816,-116.92135
5/21/20,AQS,60731014,2,36,ug/m3 SC,33,Donovan,1,100,81102,PM10 Total 0-10um STP,41740,"San Diego-Carlsbad, CA",6,California,73,San Diego,32.57816,-116.92135
5/27/20,AQS,60731014,2,22,ug/m3 SC,20,Donovan,1,100,81102,PM10 Total 0-10um STP,41740,"San Diego-Carlsbad, CA",6,California,73,San Diego,32.57816,-116.92135
6/2/20,AQS,60731014,2,52,ug/m3 SC,48,Donovan,1,100,81102,PM10 Total 0-10um STP,41740,"San Diego-Carlsbad, CA",6,California,73,San Diego,32.57816,-116.92135
6/8/20,AQS,60731014,2,55,ug/m3 SC,51,Donovan,1,100,81102,PM10 Total 0-10um STP,41740,"San Diego-Carlsbad, CA",6,California,73,San Diego,32.57816,-116.92135
6/20/20,AQS,60731014,2,20,ug/m3 SC,19,Donovan,1,100,81102,PM10 Total 0-10um STP,41740,"San Diego-Carlsbad, CA",6,California,73,San Diego,32.57816,-116.92135
6/26/20,AQS,60731014,2,26,ug/m3 SC,24,Donovan,1,100,81102,PM10 Total 0-10um STP,41740,"San Diego-Carlsbad, CA",6,California,73,San Diego,32.57816,-116.92135
7/2/20,AQS,60731014,2,31,ug/m3 SC,29,Donovan,1,100,81102,PM10 Total 0-10um STP,41740,"San Diego-Carlsbad, CA",6,California,73,San Diego,32.57816,-116.92135
7/8/20,AQS,60731014,2,49,ug/m3 SC,45,Donovan,1,100,81102,PM10 Total 0-10um STP,41740,"San Diego-Carlsbad, CA",6,California,73,San Diego,32.57816,-116.92135
7/14/20,AQS,60731014,2,37,ug/m3 SC,34,Donovan,1,100,81102,PM10 Total 0-10um STP,41740,"San Diego-Carlsbad, CA",6,California,73,San Diego,32.57816,-116.92135
7/20/20,AQS,60731014,2,22,ug/m3 SC,20,Donovan,1,100,81102,PM10 Total 0-10um STP,41740,"San Diego-Carlsbad, CA",6,California,73,San Diego,32.57816,-116.92135
7/26/20,AQS,60731014,2,28,ug/m3 SC,26,Donovan,1,100,81102,PM10 Total 0-10um STP,41740,"San Diego-Carlsbad, CA",6,California,73,San Diego,32.57816,-116.92135
8/1/20,AQS,60731014,2,59,ug/m3 SC,53,Donovan,1,100,81102,PM10 Total 0-10um STP,41740,"San Diego-Carlsbad, CA",6,California,73,San Diego,32.57816,-116.92135
8/7/20,AQS,60731014,2,33,ug/m3 SC,31,Donovan,1,100,81102,PM10 Total 0-10um STP,41740,"San Diego-Carlsbad, CA",6,California,73,San Diego,32.57816,-116.92135
8/13/20,AQS,60731014,2,59,ug/m3 SC,53,Donovan,1,100,81102,PM10 Total 0-10um STP,41740,"San Diego-Carlsbad, CA",6,California,73,San Diego,32.57816,-116.92135
8/19/20,AQS,60731014,2,53,ug/m3 SC,49,Donovan,1,100,81102,PM10 Total 0-10um STP,41740,"San Diego-Carlsbad, CA",6,California,73,San Diego,32.57816,-116.92135
8/25/20,AQS,60731014,2,26,ug/m3 SC,24,Donovan,1,100,81102,PM10 Total 0-10um STP,41740,"San Diego-Carlsbad, CA",6,California,73,San Diego,32.57816,-116.92135
8/31/20,AQS,60731014,2,21,ug/m3 SC,19,Donovan,1,100,81102,PM10 Total 0-10um STP,41740,"San Diego-Carlsbad, CA",6,California,73,San Diego,32.57816,-116.92135
9/6/20,AQS,60731014,2,77,ug/m3 SC,62,Donovan,1,100,81102,PM10 Total 0-10um STP,41740,"San Diego-Carlsbad, CA",6,California,73,San Diego,32.57816,-116.92135
9/12/20,AQS,60731014,2,84,ug/m3 SC,65,Donovan,1,100,81102,PM10 Total 0-10um STP,41740,"San Diego-Carlsbad, CA",6,California,73,San Diego,32.57816,-116.92135
9/18/20,AQS,60731014,2,118,ug/m3 SC,82,Donovan,1,100,81102,PM10 Total 0-10um STP,41740,"San Diego-Carlsbad, CA",6,California,73,San Diego,32.57816,-116.92135
9/24/20,AQS,60731014,2,117,ug/m3 SC,82,Donovan,1,100,81102,PM10 Total 0-10um STP,41740,"San Diego-Carlsbad, CA",6,California,73,San Diego,32.57816,-116.92135
9/30/20,AQS,60731014,2,178,ug/m3 SC,112,Donovan,1,100,81102,PM10 Total 0-10um STP,41740,"San Diego-Carlsbad, CA",6,California,73,San Diego,32.57816,-116.92135
10/6/20,AQS,60731014,2,157,ug/m3 SC,102,Donovan,1,100,81102,PM10 Total 0-10um STP,41740,"San Diego-Carlsbad, CA",6,California,73,San Diego,32.57816,-116.92135
10/12/20,AQS,60731014,2,95,ug/m3 SC,71,Donovan,1,100,81102,PM10 Total 0-10um STP,41740,"San Diego-Carlsbad, CA",6,California,73,San Diego,32.57816,-116.92135
10/18/20,AQS,60731014,2,61,ug/m3 SC,54,Donovan,1,100,81102,PM10 Total 0-10um STP,41740,"San Diego-Carlsbad, CA",6,California,73,San Diego,32.57816,-116.92135
10/24/20,AQS,60731014,2,20,ug/m3 SC,19,Donovan,1,100,81102,PM10 Total 0-10um STP,41740,"San Diego-Carlsbad, CA",6,California,73,San Diego,32.57816,-116.92135
10/30/20,AQS,60731014,2,153,ug/m3 SC,100,Donovan,1,100,81102,PM10 Total 0-10um STP,41740,"San Diego-Carlsbad, CA",6,California,73,San Diego,32.57816,-116.92135
11/5/20,AQS,60731014,2,158,ug/m3 SC,102,Donovan,1,100,81102,PM10 Total 0-10um STP,41740,"San Diego-Carlsbad, CA",6,California,73,San Diego,32.57816,-116.92135
11/8/20,AQS,60731014,2,13,ug/m3 SC,12,Donovan,1,100,81102,PM10 Total 0-10um STP,41740,"San Diego-Carlsbad, CA",6,California,73,San Diego,32.57816,-116.92135
11/11/20,AQS,60731014,2,49,ug/m3 SC,45,Donovan,1,100,81102,PM10 Total 0-10um STP,41740,"San Diego-Carlsbad, CA",6,California,73,San Diego,32.57816,-116.92135
11/17/20,AQS,60731014,2,96,ug/m3 SC,71,Donovan,1,100,81102,PM10 Total 0-10um STP,41740,"San Diego-Carlsbad, CA",6,California,73,San Diego,32.57816,-116.92135
11/23/20,AQS,60731014,2,61,ug/m3 SC,54,Donovan,1,100,81102,PM10 Total 0-10um STP,41740,"San Diego-Carlsbad, CA",6,California,73,San Diego,32.57816,-116.92135
11/29/20,AQS,60731014,2,45,ug/m3 SC,42,Donovan,1,100,81102,PM10 Total 0-10um STP,41740,"San Diego-Carlsbad, CA",6,California,73,San Diego,32.57816,-116.92135
12/5/20,AQS,60731014,2,69,ug/m3 SC,58,Donovan,1,100,81102,PM10 Total 0-10um STP,41740,"San Diego-Carlsbad, CA",6,California,73,San Diego,32.57816,-116.92135
12/11/20,AQS,60731014,2,72,ug/m3 SC,59,Donovan,1,100,81102,PM10 Total 0-10um STP,41740,"San Diego-Carlsbad, CA",6,California,73,San Diego,32.57816,-116.92135
12/18/20,AQS,60731014,2,33,ug/m3 SC,31,Donovan,1,100,81102,PM10 Total 0-10um STP,41740,"San Diego-Carlsbad, CA",6,California,73,San Diego,32.57816,-116.92135
12/23/20,AQS,60731014,2,76,ug/m3 SC,61,Donovan,1,100,81102,PM10 Total 0-10um STP,41740,"San Diego-Carlsbad, CA",6,California,73,San Diego,32.57816,-116.92135
12/29/20,AQS,60731014,2,14,ug/m3 SC,13,Donovan,1,100,81102,PM10 Total 0-10um STP,41740,"San Diego-Carlsbad, CA",6,California,73,San Diego,32.57816,-116.92135
1/1/20,AQS,60731022,1,30,ug/m3 SC,28,El Cajon - Lexington Elementary School,1,100,81102,PM10 Total 0-10um STP,41740,"San Diego-Carlsbad, CA",6,California,73,San Diego,32.789565,-116.944308
1/4/20,AQS,60731022,1,25,ug/m3 SC,23,El Cajon - Lexington Elementary School,1,100,81102,PM10 Total 0-10um STP,41740,"San Diego-Carlsbad, CA",6,California,73,San Diego,32.789565,-116.944308
1/7/20,AQS,60731022,1,21,ug/m3 SC,19,El Cajon - Lexington Elementary School,1,100,81102,PM10 Total 0-10um STP,41740,"San Diego-Carlsbad, CA",6,California,73,San Diego,32.789565,-116.944308
1/10/20,AQS,60731022,1,14,ug/m3 SC,13,El Cajon - Lexington Elementary School,1,100,81102,PM10 Total 0-10um STP,41740,"San Diego-Carlsbad, CA",6,California,73,San Diego,32.789565,-116.944308
1/13/20,AQS,60731022,1,24,ug/m3 SC,22,El Cajon - Lexington Elementary School,1,100,81102,PM10 Total 0-10um STP,41740,"San Diego-Carlsbad, CA",6,California,73,San Diego,32.789565,-116.944308
1/16/20,AQS,60731022,1,27,ug/m3 SC,25,El Cajon - Lexington Elementary School,1,100,81102,PM10 Total 0-10um STP,41740,"San Diego-Carlsbad, CA",6,California,73,San Diego,32.789565,-116.944308
1/19/20,AQS,60731022,1,24,ug/m3 SC,22,El Cajon - Lexington Elementary School,1,100,81102,PM10 Total 0-10um STP,41740,"San Diego-Carlsbad, CA",6,California,73,San Diego,32.789565,-116.944308
1/22/20,AQS,60731022,1,16,ug/m3 SC,15,El Cajon - Lexington Elementary School,1,100,81102,PM10 Total 0-10um STP,41740,"San Diego-Carlsbad, CA",6,California,73,San Diego,32.789565,-116.944308
1/25/20,AQS,60731022,1,34,ug/m3 SC,31,El Cajon - Lexington Elementary School,1,100,81102,PM10 Total 0-10um STP,41740,"San Diego-Carlsbad, CA",6,California,73,San Diego,32.789565,-116.944308
1/29/20,AQS,60731022,1,23,ug/m3 SC,21,El Cajon - Lexington Elementary School,1,100,81102,PM10 Total 0-10um STP,41740,"San Diego-Carlsbad, CA",6,California,73,San Diego,32.789565,-116.944308
1/31/20,AQS,60731022,1,23,ug/m3 SC,21,El Cajon - Lexington Elementary School,1,100,81102,PM10 Total 0-10um STP,41740,"San Diego-Carlsbad, CA",6,California,73,San Diego,32.789565,-116.944308
2/3/20,AQS,60731022,1,37,ug/m3 SC,34,El Cajon - Lexington Elementary School,1,100,81102,PM10 Total 0-10um STP,41740,"San Diego-Carlsbad, CA",6,California,73,San Diego,32.789565,-116.944308
2/6/20,AQS,60731022,1,24,ug/m3 SC,22,El Cajon - Lexington Elementary School,1,100,81102,PM10 Total 0-10um STP,41740,"San Diego-Carlsbad, CA",6,California,73,San Diego,32.789565,-116.944308
2/9/20,AQS,60731022,1,14,ug/m3 SC,13,El Cajon - Lexington Elementary School,1,100,81102,PM10 Total 0-10um STP,41740,"San Diego-Carlsbad, CA",6,California,73,San Diego,32.789565,-116.944308
2/12/20,AQS,60731022,1,35,ug/m3 SC,32,El Cajon - Lexington Elementary School,1,100,81102,PM10 Total 0-10um STP,41740,"San Diego-Carlsbad, CA",6,California,73,San Diego,32.789565,-116.944308
2/15/20,AQS,60731022,1,22,ug/m3 SC,20,El Cajon - Lexington Elementary School,1,100,81102,PM10 Total 0-10um STP,41740,"San Diego-Carlsbad, CA",6,California,73,San Diego,32.789565,-116.944308
2/18/20,AQS,60731022,1,33,ug/m3 SC,31,El Cajon - Lexington Elementary School,1,100,81102,PM10 Total 0-10um STP,41740,"San Diego-Carlsbad, CA",6,California,73,San Diego,32.789565,-116.944308
2/21/20,AQS,60731022,1,29,ug/m3 SC,27,El Cajon - Lexington Elementary School,1,100,81102,PM10 Total 0-10um STP,41740,"San Diego-Carlsbad, CA",6,California,73,San Diego,32.789565,-116.944308
2/24/20,AQS,60731022,1,20,ug/m3 SC,19,El Cajon - Lexington Elementary School,1,100,81102,PM10 Total 0-10um STP,41740,"San Diego-Carlsbad, CA",6,California,73,San Diego,32.789565,-116.944308
2/27/20,AQS,60731022,1,13,ug/m3 SC,12,El Cajon - Lexington Elementary School,1,100,81102,PM10 Total 0-10um STP,41740,"San Diego-Carlsbad, CA",6,California,73,San Diego,32.789565,-116.944308
3/1/20,AQS,60731022,1,18,ug/m3 SC,17,El Cajon - Lexington Elementary School,1,100,81102,PM10 Total 0-10um STP,41740,"San Diego-Carlsbad, CA",6,California,73,San Diego,32.789565,-116.944308
3/4/20,AQS,60731022,1,25,ug/m3 SC,23,El Cajon - Lexington Elementary School,1,100,81102,PM10 Total 0-10um STP,41740,"San Diego-Carlsbad, CA",6,California,73,San Diego,32.789565,-116.944308
3/7/20,AQS,60731022,1,10,ug/m3 SC,9,El Cajon - Lexington Elementary School,1,100,81102,PM10 Total 0-10um STP,41740,"San Diego-Carlsbad, CA",6,California,73,San Diego,32.789565,-116.944308
3/10/20,AQS,60731022,1,5,ug/m3 SC,5,El Cajon - Lexington Elementary School,1,100,81102,PM10 Total 0-10um STP,41740,"San Diego-Carlsbad, CA",6,California,73,San Diego,32.789565,-116.944308
3/13/20,AQS,60731022,1,6,ug/m3 SC,6,El Cajon - Lexington Elementary School,1,100,81102,PM10 Total 0-10um STP,41740,"San Diego-Carlsbad, CA",6,California,73,San Diego,32.789565,-116.944308
3/16/20,AQS,60731022,1,11,ug/m3 SC,10,El Cajon - Lexington Elementary School,1,100,81102,PM10 Total 0-10um STP,41740,"San Diego-Carlsbad, CA",6,California,73,San Diego,32.789565,-116.944308
3/19/20,AQS,60731022,1,9,ug/m3 SC,8,El Cajon - Lexington Elementary School,1,100,81102,PM10 Total 0-10um STP,41740,"San Diego-Carlsbad, CA",6,California,73,San Diego,32.789565,-116.944308
3/25/20,AQS,60731022,1,6,ug/m3 SC,6,El Cajon - Lexington Elementary School,1,100,81102,PM10 Total 0-10um STP,41740,"San Diego-Carlsbad, CA",6,California,73,San Diego,32.789565,-116.944308
3/28/20,AQS,60731022,1,15,ug/m3 SC,14,El Cajon - Lexington Elementary School,1,100,81102,PM10 Total 0-10um STP,41740,"San Diego-Carlsbad, CA",6,California,73,San Diego,32.789565,-116.944308
3/31/20,AQS,60731022,1,21,ug/m3 SC,19,El Cajon - Lexington Elementary School,1,100,81102,PM10 Total 0-10um STP,41740,"San Diego-Carlsbad, CA",6,California,73,San Diego,32.789565,-116.944308
4/3/20,AQS,60731022,1,26,ug/m3 SC,24,El Cajon - Lexington Elementary School,1,100,81102,PM10 Total 0-10um STP,41740,"San Diego-Carlsbad, CA",6,California,73,San Diego,32.789565,-116.944308
4/6/20,AQS,60731022,1,4,ug/m3 SC,4,El Cajon - Lexington Elementary School,1,100,81102,PM10 Total 0-10um STP,41740,"San Diego-Carlsbad, CA",6,California,73,San Diego,32.789565,-116.944308
4/9/20,AQS,60731022,1,4,ug/m3 SC,4,El Cajon - Lexington Elementary School,1,100,81102,PM10 Total 0-10um STP,41740,"San Diego-Carlsbad, CA",6,California,73,San Diego,32.789565,-116.944308
4/12/20,AQS,60731022,1,8,ug/m3 SC,7,El Cajon - Lexington Elementary School,1,100,81102,PM10 Total 0-10um STP,41740,"San Diego-Carlsbad, CA",6,California,73,San Diego,32.789565,-116.944308
4/15/20,AQS,60731022,1,15,ug/m3 SC,14,El Cajon - Lexington Elementary School,1,100,81102,PM10 Total 0-10um STP,41740,"San Diego-Carlsbad, CA",6,California,73,San Diego,32.789565,-116.944308
4/18/20,AQS,60731022,1,8,ug/m3 SC,7,El Cajon - Lexington Elementary School,1,100,81102,PM10 Total 0-10um STP,41740,"San Diego-Carlsbad, CA",6,California,73,San Diego,32.789565,-116.944308
4/21/20,AQS,60731022,1,17,ug/m3 SC,16,El Cajon - Lexington Elementary School,1,100,81102,PM10 Total 0-10um STP,41740,"San Diego-Carlsbad, CA",6,California,73,San Diego,32.789565,-116.944308
4/24/20,AQS,60731022,1,28,ug/m3 SC,26,El Cajon - Lexington Elementary School,1,100,81102,PM10 Total 0-10um STP,41740,"San Diego-Carlsbad, CA",6,California,73,San Diego,32.789565,-116.944308
4/27/20,AQS,60731022,1,22,ug/m3 SC,20,El Cajon - Lexington Elementary School,1,100,81102,PM10 Total 0-10um STP,41740,"San Diego-Carlsbad, CA",6,California,73,San Diego,32.789565,-116.944308
4/30/20,AQS,60731022,1,24,ug/m3 SC,22,El Cajon - Lexington Elementary School,1,100,81102,PM10 Total 0-10um STP,41740,"San Diego-Carlsbad, CA",6,California,73,San Diego,32.789565,-116.944308
5/3/20,AQS,60731022,1,23,ug/m3 SC,21,El Cajon - Lexington Elementary School,1,100,81102,PM10 Total 0-10um STP,41740,"San Diego-Carlsbad, CA",6,California,73,San Diego,32.789565,-116.944308
5/6/20,AQS,60731022,1,26,ug/m3 SC,24,El Cajon - Lexington Elementary School,1,100,81102,PM10 Total 0-10um STP,41740,"San Diego-Carlsbad, CA",6,California,73,San Diego,32.789565,-116.944308
5/9/20,AQS,60731022,1,31,ug/m3 SC,29,El Cajon - Lexington Elementary School,1,100,81102,PM10 Total 0-10um STP,41740,"San Diego-Carlsbad, CA",6,California,73,San Diego,32.789565,-116.944308
5/12/20,AQS,60731022,1,10,ug/m3 SC,9,El Cajon - Lexington Elementary School,1,100,81102,PM10 Total 0-10um STP,41740,"San Diego-Carlsbad, CA",6,California,73,San Diego,32.789565,-116.944308
5/15/20,AQS,60731022,1,24,ug/m3 SC,22,El Cajon - Lexington Elementary School,1,100,81102,PM10 Total 0-10um STP,41740,"San Diego-Carlsbad, CA",6,California,73,San Diego,32.789565,-116.944308
5/18/20,AQS,60731022,1,9,ug/m3 SC,8,El Cajon - Lexington Elementary School,1,100,81102,PM10 Total 0-10um STP,41740,"San Diego-Carlsbad, CA",6,California,73,San Diego,32.789565,-116.944308
5/21/20,AQS,60731022,1,20,ug/m3 SC,19,El Cajon - Lexington Elementary School,1,100,81102,PM10 Total 0-10um STP,41740,"San Diego-Carlsbad, CA",6,California,73,San Diego,32.789565,-116.944308
5/24/20,AQS,60731022,1,29,ug/m3 SC,27,El Cajon - Lexington Elementary School,1,100,81102,PM10 Total 0-10um STP,41740,"San Diego-Carlsbad, CA",6,California,73,San Diego,32.789565,-116.944308
5/27/20,AQS,60731022,1,21,ug/m3 SC,19,El Cajon - Lexington Elementary School,1,100,81102,PM10 Total 0-10um STP,41740,"San Diego-Carlsbad, CA",6,California,73,San Diego,32.789565,-116.944308
5/30/20,AQS,60731022,1,11,ug/m3 SC,10,El Cajon - Lexington Elementary School,1,100,81102,PM10 Total 0-10um STP,41740,"San Diego-Carlsbad, CA",6,California,73,San Diego,32.789565,-116.944308
6/2/20,AQS,60731022,1,28,ug/m3 SC,26,El Cajon - Lexington Elementary School,1,100,81102,PM10 Total 0-10um STP,41740,"San Diego-Carlsbad, CA",6,California,73,San Diego,32.789565,-116.944308
6/5/20,AQS,60731022,1,13,ug/m3 SC,12,El Cajon - Lexington Elementary School,1,100,81102,PM10 Total 0-10um STP,41740,"San Diego-Carlsbad, CA",6,California,73,San Diego,32.789565,-116.944308
6/8/20,AQS,60731022,1,27,ug/m3 SC,25,El Cajon - Lexington Elementary School,1,100,81102,PM10 Total 0-10um STP,41740,"San Diego-Carlsbad, CA",6,California,73,San Diego,32.789565,-116.944308
6/11/20,AQS,60731022,1,26,ug/m3 SC,24,El Cajon - Lexington Elementary School,1,100,81102,PM10 Total 0-10um STP,41740,"San Diego-Carlsbad, CA",6,California,73,San Diego,32.789565,-116.944308
6/14/20,AQS,60731022,1,23,ug/m3 SC,21,El Cajon - Lexington Elementary School,1,100,81102,PM10 Total 0-10um STP,41740,"San Diego-Carlsbad, CA",6,California,73,San Diego,32.789565,-116.944308
6/17/20,AQS,60731022,1,21,ug/m3 SC,19,El Cajon - Lexington Elementary School,1,100,81102,PM10 Total 0-10um STP,41740,"San Diego-Carlsbad, CA",6,California,73,San Diego,32.789565,-116.944308
6/20/20,AQS,60731022,1,28,ug/m3 SC,26,El Cajon - Lexington Elementary School,1,100,81102,PM10 Total 0-10um STP,41740,"San Diego-Carlsbad, CA",6,California,73,San Diego,32.789565,-116.944308
6/23/20,AQS,60731022,1,15,ug/m3 SC,14,El Cajon - Lexington Elementary School,1,100,81102,PM10 Total 0-10um STP,41740,"San Diego-Carlsbad, CA",6,California,73,San Diego,32.789565,-116.944308
6/26/20,AQS,60731022,1,16,ug/m3 SC,15,El Cajon - Lexington Elementary School,1,100,81102,PM10 Total 0-10um STP,41740,"San Diego-Carlsbad, CA",6,California,73,San Diego,32.789565,-116.944308
6/29/20,AQS,60731022,1,10,ug/m3 SC,9,El Cajon - Lexington Elementary School,1,100,81102,PM10 Total 0-10um STP,41740,"San Diego-Carlsbad, CA",6,California,73,San Diego,32.789565,-116.944308
7/2/20,AQS,60731022,1,23,ug/m3 SC,21,El Cajon - Lexington Elementary School,1,100,81102,PM10 Total 0-10um STP,41740,"San Diego-Carlsbad, CA",6,California,73,San Diego,32.789565,-116.944308
7/5/20,AQS,60731022,1,24,ug/m3 SC,22,El Cajon - Lexington Elementary School,1,100,81102,PM10 Total 0-10um STP,41740,"San Diego-Carlsbad, CA",6,California,73,San Diego,32.789565,-116.944308
7/8/20,AQS,60731022,1,29,ug/m3 SC,27,El Cajon - Lexington Elementary School,1,100,81102,PM10 Total 0-10um STP,41740,"San Diego-Carlsbad, CA",6,California,73,San Diego,32.789565,-116.944308
7/11/20,AQS,60731022,1,19,ug/m3 SC,18,El Cajon - Lexington Elementary School,1,100,81102,PM10 Total 0-10um STP,41740,"San Diego-Carlsbad, CA",6,California,73,San Diego,32.789565,-116.944308
7/14/20,AQS,60731022,1,25,ug/m3 SC,23,El Cajon - Lexington Elementary School,1,100,81102,PM10 Total 0-10um STP,41740,"San Diego-Carlsbad, CA",6,California,73,San Diego,32.789565,-116.944308
7/17/20,AQS,60731022,1,15,ug/m3 SC,14,El Cajon - Lexington Elementary School,1,100,81102,PM10 Total 0-10um STP,41740,"San Diego-Carlsbad, CA",6,California,73,San Diego,32.789565,-116.944308
7/20/20,AQS,60731022,1,16,ug/m3 SC,15,El Cajon - Lexington Elementary School,1,100,81102,PM10 Total 0-10um STP,41740,"San Diego-Carlsbad, CA",6,California,73,San Diego,32.789565,-116.944308
7/23/20,AQS,60731022,1,13,ug/m3 SC,12,El Cajon - Lexington Elementary School,1,100,81102,PM10 Total 0-10um STP,41740,"San Diego-Carlsbad, CA",6,California,73,San Diego,32.789565,-116.944308
7/26/20,AQS,60731022,1,15,ug/m3 SC,14,El Cajon - Lexington Elementary School,1,100,81102,PM10 Total 0-10um STP,41740,"San Diego-Carlsbad, CA",6,California,73,San Diego,32.789565,-116.944308
7/29/20,AQS,60731022,1,22,ug/m3 SC,20,El Cajon - Lexington Elementary School,1,100,81102,PM10 Total 0-10um STP,41740,"San Diego-Carlsbad, CA",6,California,73,San Diego,32.789565,-116.944308
8/1/20,AQS,60731022,1,30,ug/m3 SC,28,El Cajon - Lexington Elementary School,1,100,81102,PM10 Total 0-10um STP,41740,"San Diego-Carlsbad, CA",6,California,73,San Diego,32.789565,-116.944308
8/4/20,AQS,60731022,1,28,ug/m3 SC,26,El Cajon - Lexington Elementary School,1,100,81102,PM10 Total 0-10um STP,41740,"San Diego-Carlsbad, CA",6,California,73,San Diego,32.789565,-116.944308
8/7/20,AQS,60731022,1,21,ug/m3 SC,19,El Cajon - Lexington Elementary School,1,100,81102,PM10 Total 0-10um STP,41740,"San Diego-Carlsbad, CA",6,California,73,San Diego,32.789565,-116.944308
8/10/20,AQS,60731022,1,21,ug/m3 SC,19,El Cajon - Lexington Elementary School,1,100,81102,PM10 Total 0-10um STP,41740,"San Diego-Carlsbad, CA",6,California,73,San Diego,32.789565,-116.944308
8/13/20,AQS,60731022,1,22,ug/m3 SC,20,El Cajon - Lexington Elementary School,1,100,81102,PM10 Total 0-10um STP,41740,"San Diego-Carlsbad, CA",6,California,73,San Diego,32.789565,-116.944308
8/16/20,AQS,60731022,1,29,ug/m3 SC,27,El Cajon - Lexington Elementary School,1,100,81102,PM10 Total 0-10um STP,41740,"San Diego-Carlsbad, CA",6,California,73,San Diego,32.789565,-116.944308
8/19/20,AQS,60731022,1,30,ug/m3 SC,28,El Cajon - Lexington Elementary School,1,100,81102,PM10 Total 0-10um STP,41740,"San Diego-Carlsbad, CA",6,California,73,San Diego,32.789565,-116.944308
8/22/20,AQS,60731022,1,27,ug/m3 SC,25,El Cajon - Lexington Elementary School,1,100,81102,PM10 Total 0-10um STP,41740,"San Diego-Carlsbad, CA",6,California,73,San Diego,32.789565,-116.944308
8/25/20,AQS,60731022,1,20,ug/m3 SC,19,El Cajon - Lexington Elementary School,1,100,81102,PM10 Total 0-10um STP,41740,"San Diego-Carlsbad, CA",6,California,73,San Diego,32.789565,-116.944308
8/28/20,AQS,60731022,1,29,ug/m3 SC,27,El Cajon - Lexington Elementary School,1,100,81102,PM10 Total 0-10um STP,41740,"San Diego-Carlsbad, CA",6,California,73,San Diego,32.789565,-116.944308
8/31/20,AQS,60731022,1,16,ug/m3 SC,15,El Cajon - Lexington Elementary School,1,100,81102,PM10 Total 0-10um STP,41740,"San Diego-Carlsbad, CA",6,California,73,San Diego,32.789565,-116.944308
9/3/20,AQS,60731022,1,27,ug/m3 SC,25,El Cajon - Lexington Elementary School,1,100,81102,PM10 Total 0-10um STP,41740,"San Diego-Carlsbad, CA",6,California,73,San Diego,32.789565,-116.944308
9/6/20,AQS,60731022,1,37,ug/m3 SC,34,El Cajon - Lexington Elementary School,1,100,81102,PM10 Total 0-10um STP,41740,"San Diego-Carlsbad, CA",6,California,73,San Diego,32.789565,-116.944308
9/9/20,AQS,60731022,1,37,ug/m3 SC,34,El Cajon - Lexington Elementary School,1,100,81102,PM10 Total 0-10um STP,41740,"San Diego-Carlsbad, CA",6,California,73,San Diego,32.789565,-116.944308
9/12/20,AQS,60731022,1,52,ug/m3 SC,48,El Cajon - Lexington Elementary School,1,100,81102,PM10 Total 0-10um STP,41740,"San Diego-Carlsbad, CA",6,California,73,San Diego,32.789565,-116.944308
9/15/20,AQS,60731022,1,55,ug/m3 SC,51,El Cajon - Lexington Elementary School,1,100,81102,PM10 Total 0-10um STP,41740,"San Diego-Carlsbad, CA",6,California,73,San Diego,32.789565,-116.944308
9/18/20,AQS,60731022,1,28,ug/m3 SC,26,El Cajon - Lexington Elementary School,1,100,81102,PM10 Total 0-10um STP,41740,"San Diego-Carlsbad, CA",6,California,73,San Diego,32.789565,-116.944308
9/21/20,AQS,60731022,1,27,ug/m3 SC,25,El Cajon - Lexington Elementary School,1,100,81102,PM10 Total 0-10um STP,41740,"San Diego-Carlsbad, CA",6,California,73,San Diego,32.789565,-116.944308
9/24/20,AQS,60731022,1,25,ug/m3 SC,23,El Cajon - Lexington Elementary School,1,100,81102,PM10 Total 0-10um STP,41740,"San Diego-Carlsbad, CA",6,California,73,San Diego,32.789565,-116.944308
9/27/20,AQS,60731022,1,28,ug/m3 SC,26,El Cajon - Lexington Elementary School,1,100,81102,PM10 Total 0-10um STP,41740,"San Diego-Carlsbad, CA",6,California,73,San Diego,32.789565,-116.944308
9/30/20,AQS,60731022,1,30,ug/m3 SC,28,El Cajon - Lexington Elementary School,1,100,81102,PM10 Total 0-10um STP,41740,"San Diego-Carlsbad, CA",6,California,73,San Diego,32.789565,-116.944308
10/3/20,AQS,60731022,1,42,ug/m3 SC,39,El Cajon - Lexington Elementary School,1,100,81102,PM10 Total 0-10um STP,41740,"San Diego-Carlsbad, CA",6,California,73,San Diego,32.789565,-116.944308
10/6/20,AQS,60731022,1,50,ug/m3 SC,46,El Cajon - Lexington Elementary School,1,100,81102,PM10 Total 0-10um STP,41740,"San Diego-Carlsbad, CA",6,California,73,San Diego,32.789565,-116.944308
10/9/20,AQS,60731022,1,28,ug/m3 SC,26,El Cajon - Lexington Elementary School,1,100,81102,PM10 Total 0-10um STP,41740,"San Diego-Carlsbad, CA",6,California,73,San Diego,32.789565,-116.944308
10/12/20,AQS,60731022,1,23,ug/m3 SC,21,El Cajon - Lexington Elementary School,1,100,81102,PM10 Total 0-10um STP,41740,"San Diego-Carlsbad, CA",6,California,73,San Diego,32.789565,-116.944308
10/15/20,AQS,60731022,1,34,ug/m3 SC,31,El Cajon - Lexington Elementary School,1,100,81102,PM10 Total 0-10um STP,41740,"San Diego-Carlsbad, CA",6,California,73,San Diego,32.789565,-116.944308
10/18/20,AQS,60731022,1,30,ug/m3 SC,28,El Cajon - Lexington Elementary School,1,100,81102,PM10 Total 0-10um STP,41740,"San Diego-Carlsbad, CA",6,California,73,San Diego,32.789565,-116.944308
10/21/20,AQS,60731022,1,26,ug/m3 SC,24,El Cajon - Lexington Elementary School,1,100,81102,PM10 Total 0-10um STP,41740,"San Diego-Carlsbad, CA",6,California,73,San Diego,32.789565,-116.944308
10/27/20,AQS,60731022,1,29,ug/m3 SC,27,El Cajon - Lexington Elementary School,1,100,81102,PM10 Total 0-10um STP,41740,"San Diego-Carlsbad, CA",6,California,73,San Diego,32.789565,-116.944308
10/30/20,AQS,60731022,1,33,ug/m3 SC,31,El Cajon - Lexington Elementary School,1,100,81102,PM10 Total 0-10um STP,41740,"San Diego-Carlsbad, CA",6,California,73,San Diego,32.789565,-116.944308
11/2/20,AQS,60731022,1,29,ug/m3 SC,27,El Cajon - Lexington Elementary School,1,100,81102,PM10 Total 0-10um STP,41740,"San Diego-Carlsbad, CA",6,California,73,San Diego,32.789565,-116.944308
11/5/20,AQS,60731022,1,35,ug/m3 SC,32,El Cajon - Lexington Elementary School,1,100,81102,PM10 Total 0-10um STP,41740,"San Diego-Carlsbad, CA",6,California,73,San Diego,32.789565,-116.944308
11/8/20,AQS,60731022,1,13,ug/m3 SC,12,El Cajon - Lexington Elementary School,1,100,81102,PM10 Total 0-10um STP,41740,"San Diego-Carlsbad, CA",6,California,73,San Diego,32.789565,-116.944308
11/11/20,AQS,60731022,1,19,ug/m3 SC,18,El Cajon - Lexington Elementary School,1,100,81102,PM10 Total 0-10um STP,41740,"San Diego-Carlsbad, CA",6,California,73,San Diego,32.789565,-116.944308
11/14/20,AQS,60731022,1,24,ug/m3 SC,22,El Cajon - Lexington Elementary School,1,100,81102,PM10 Total 0-10um STP,41740,"San Diego-Carlsbad, CA",6,California,73,San Diego,32.789565,-116.944308
11/20/20,AQS,60731022,1,28,ug/m3 SC,26,El Cajon - Lexington Elementary School,1,100,81102,PM10 Total 0-10um STP,41740,"San Diego-Carlsbad, CA",6,California,73,San Diego,32.789565,-116.944308
11/23/20,AQS,60731022,1,32,ug/m3 SC,30,El Cajon - Lexington Elementary School,1,100,81102,PM10 Total 0-10um STP,41740,"San Diego-Carlsbad, CA",6,California,73,San Diego,32.789565,-116.944308
11/26/20,AQS,60731022,1,26,ug/m3 SC,24,El Cajon - Lexington Elementary School,1,100,81102,PM10 Total 0-10um STP,41740,"San Diego-Carlsbad, CA",6,California,73,San Diego,32.789565,-116.944308
12/5/20,AQS,60731022,1,36,ug/m3 SC,33,El Cajon - Lexington Elementary School,1,100,81102,PM10 Total 0-10um STP,41740,"San Diego-Carlsbad, CA",6,California,73,San Diego,32.789565,-116.944308
12/9/20,AQS,60731022,1,34,ug/m3 SC,31,El Cajon - Lexington Elementary School,1,100,81102,PM10 Total 0-10um STP,41740,"San Diego-Carlsbad, CA",6,California,73,San Diego,32.789565,-116.944308
12/11/20,AQS,60731022,1,27,ug/m3 SC,25,El Cajon - Lexington Elementary School,1,100,81102,PM10 Total 0-10um STP,41740,"San Diego-Carlsbad, CA",6,California,73,San Diego,32.789565,-116.944308
12/14/20,AQS,60731022,1,25,ug/m3 SC,23,El Cajon - Lexington Elementary School,1,100,81102,PM10 Total 0-10um STP,41740,"San Diego-Carlsbad, CA",6,California,73,San Diego,32.789565,-116.944308
12/17/20,AQS,60731022,1,27,ug/m3 SC,25,El Cajon - Lexington Elementary School,1,100,81102,PM10 Total 0-10um STP,41740,"San Diego-Carlsbad, CA",6,California,73,San Diego,32.789565,-116.944308
12/20/20,AQS,60731022,1,34,ug/m3 SC,31,El Cajon - Lexington Elementary School,1,100,81102,PM10 Total 0-10um STP,41740,"San Diego-Carlsbad, CA",6,California,73,San Diego,32.789565,-116.944308
12/23/20,AQS,60731022,1,28,ug/m3 SC,26,El Cajon - Lexington Elementary School,1,100,81102,PM10 Total 0-10um STP,41740,"San Diego-Carlsbad, CA",6,California,73,San Diego,32.789565,-116.944308
12/26/20,AQS,60731022,1,24,ug/m3 SC,22,El Cajon - Lexington Elementary School,1,100,81102,PM10 Total 0-10um STP,41740,"San Diego-Carlsbad, CA",6,California,73,San Diego,32.789565,-116.944308
12/29/20,AQS,60731022,1,12,ug/m3 SC,11,El Cajon - Lexington Elementary School,1,100,81102,PM10 Total 0-10um STP,41740,"San Diego-Carlsbad, CA",6,California,73,San Diego,32.789565,-116.944308