Date,Source,Site ID,POC,Daily Max 1-hour SO2 Concentration,UNITS,DAILY_AQI_VALUE,Site Name,DAILY_OBS_COUNT,PERCENT_COMPLETE,AQS_PARAMETER_CODE,AQS_PARAMETER_DESC,CBSA_CODE,CBSA_NAME,STATE_CODE,STATE,COUNTY_CODE,COUNTY,SITE_LATITUDE,SITE_LONGITUDE
1/1/20,AQS,60731022,1,0.4,ppb,0,El Cajon - Lexington Elementary School,21,88,42401,Sulfur dioxide,41740,"San Diego-Carlsbad, CA",6,California,73,San Diego,32.789565,-116.944308
1/2/20,AQS,60731022,1,0.2,ppb,0,El Cajon - Lexington Elementary School,21,88,42401,Sulfur dioxide,41740,"San Diego-Carlsbad, CA",6,California,73,San Diego,32.789565,-116.944308
1/3/20,AQS,60731022,1,0.3,ppb,0,El Cajon - Lexington Elementary School,21,88,42401,Sulfur dioxide,41740,"San Diego-Carlsbad, CA",6,California,73,San Diego,32.789565,-116.944308
1/4/20,AQS,60731022,1,0.3,ppb,0,El Cajon - Lexington Elementary School,21,88,42401,Sulfur dioxide,41740,"San Diego-Carlsbad, CA",6,California,73,San Diego,32.789565,-116.944308
1/5/20,AQS,60731022,1,0.2,ppb,0,El Cajon - Lexington Elementary School,21,88,42401,Sulfur dioxide,41740,"San Diego-Carlsbad, CA",6,California,73,San Diego,32.789565,-116.944308
1/6/20,AQS,60731022,1,0.3,ppb,0,El Cajon - Lexington Elementary School,21,88,42401,Sulfur dioxide,41740,"San Diego-Carlsbad, CA",6,California,73,San Diego,32.789565,-116.944308
1/7/20,AQS,60731022,1,0.4,ppb,0,El Cajon - Lexington Elementary School,21,88,42401,Sulfur dioxide,41740,"San Diego-Carlsbad, CA",6,California,73,San Diego,32.789565,-116.944308
1/8/20,AQS,60731022,1,0.2,ppb,0,El Cajon - Lexington Elementary School,18,75,42401,Sulfur dioxide,41740,"San Diego-Carlsbad, CA",6,California,73,San Diego,32.789565,-116.944308
1/9/20,AQS,60731022,1,0.1,ppb,0,El Cajon - Lexington Elementary School,21,88,42401,Sulfur dioxide,41740,"San Diego-Carlsbad, CA",6,California,73,San Diego,32.789565,-116.944308
1/10/20,AQS,60731022,1,0.2,ppb,0,El Cajon - Lexington Elementary School,21,88,42401,Sulfur dioxide,41740,"San Diego-Carlsbad, CA",6,California,73,San Diego,32.789565,-116.944308
1/11/20,AQS,60731022,1,0.2,ppb,0,El Cajon - Lexington Elementary School,21,88,42401,Sulfur dioxide,41740,"San Diego-Carlsbad, CA",6,California,73,San Diego,32.789565,-116.944308
1/12/20,AQS,60731022,1,0.1,ppb,0,El Cajon - Lexington Elementary School,21,88,42401,Sulfur dioxide,41740,"San Diego-Carlsbad, CA",6,California,73,San Diego,32.789565,-116.944308
1/13/20,AQS,60731022,1,0.2,ppb,0,El Cajon - Lexington Elementary School,21,88,42401,Sulfur dioxide,41740,"San Diego-Carlsbad, CA",6,California,73,San Diego,32.789565,-116.944308
1/14/20,AQS,60731022,1,0.2,ppb,0,El Cajon - Lexington Elementary School,21,88,42401,Sulfur dioxide,41740,"San Diego-Carlsbad, CA",6,California,73,San Diego,32.789565,-116.944308
1/15/20,AQS,60731022,1,0.3,ppb,0,El Cajon - Lexington Elementary School,21,88,42401,Sulfur dioxide,41740,"San Diego-Carlsbad, CA",6,California,73,San Diego,32.789565,-116.944308
1/16/20,AQS,60731022,1,0.2,ppb,0,El Cajon - Lexington Elementary School,20,83,42401,Sulfur dioxide,41740,"San Diego-Carlsbad, CA",6,California,73,San Diego,32.789565,-116.944308
1/17/20,AQS,60731022,1,0.1,ppb,0,El Cajon - Lexington Elementary School,21,88,42401,Sulfur dioxide,41740,"San Diego-Carlsbad, CA",6,California,73,San Diego,32.789565,-116.944308
1/18/20,AQS,60731022,1,0.2,ppb,0,El Cajon - Lexington Elementary School,21,88,42401,Sulfur dioxide,41740,"San Diego-Carlsbad, CA",6,California,73,San Diego,32.789565,-116.944308
1/19/20,AQS,60731022,1,0.3,ppb,0,El Cajon - Lexington Elementary School,21,88,42401,Sulfur dioxide,41740,"San Diego-Carlsbad, CA",6,California,73,San Diego,32.789565,-116.944308
1/20/20,AQS,60731022,1,0.2,ppb,0,El Cajon - Lexington Elementary School,21,88,42401,Sulfur dioxide,41740,"San Diego-Carlsbad, CA",6,California,73,San Diego,32.789565,-116.944308
1/21/20,AQS,60731022,1,0.1,ppb,0,El Cajon - Lexington Elementary School,21,88,42401,Sulfur dioxide,41740,"San Diego-Carlsbad, CA",6,California,73,San Diego,32.789565,-116.944308
1/22/20,AQS,60731022,1,0.2,ppb,0,El Cajon - Lexington Elementary School,19,79,42401,Sulfur dioxide,41740,"San Diego-Carlsbad, CA",6,California,73,San Diego,32.789565,-116.944308
1/23/20,AQS,60731022,1,0.4,ppb,0,El Cajon - Lexington Elementary School,18,75,42401,Sulfur dioxide,41740,"San Diego-Carlsbad, CA",6,California,73,San Diego,32.789565,-116.944308
1/24/20,AQS,60731022,1,0.4,ppb,0,El Cajon - Lexington Elementary School,21,88,42401,Sulfur dioxide,41740,"San Diego-Carlsbad, CA",6,California,73,San Diego,32.789565,-116.944308
1/25/20,AQS,60731022,1,0.3,ppb,0,El Cajon - Lexington Elementary School,21,88,42401,Sulfur dioxide,41740,"San Diego-Carlsbad, CA",6,California,73,San Diego,32.789565,-116.944308
1/26/20,AQS,60731022,1,0.1,ppb,0,El Cajon - Lexington Elementary School,21,88,42401,Sulfur dioxide,41740,"San Diego-Carlsbad, CA",6,California,73,San Diego,32.789565,-116.944308
1/27/20,AQS,60731022,1,0.2,ppb,0,El Cajon - Lexington Elementary School,21,88,42401,Sulfur dioxide,41740,"San Diego-Carlsbad, CA",6,California,73,San Diego,32.789565,-116.944308
1/29/20,AQS,60731022,1,0.2,ppb,0,El Cajon - Lexington Elementary School,18,75,42401,Sulfur dioxide,41740,"San Diego-Carlsbad, CA",6,California,73,San Diego,32.789565,-116.944308
1/30/20,AQS,60731022,1,0.4,ppb,0,El Cajon - Lexington Elementary School,21,88,42401,Sulfur dioxide,41740,"San Diego-Carlsbad, CA",6,California,73,San Diego,32.789565,-116.944308
1/31/20,AQS,60731022,1,0.4,ppb,0,El Cajon - Lexington Elementary School,21,88,42401,Sulfur dioxide,41740,"San Diego-Carlsbad, CA",6,California,73,San Diego,32.789565,-116.944308
2/1/20,AQS,60731022,1,0.3,ppb,0,El Cajon - Lexington Elementary School,21,88,42401,Sulfur dioxide,41740,"San Diego-Carlsbad, CA",6,California,73,San Diego,32.789565,-116.944308
2/2/20,AQS,60731022,1,0.2,ppb,0,El Cajon - Lexington Elementary School,21,88,42401,Sulfur dioxide,41740,"San Diego-Carlsbad, CA",6,California,73,San Diego,32.789565,-116.944308
2/3/20,AQS,60731022,1,0.1,ppb,0,El Cajon - Lexington Elementary School,20,83,42401,Sulfur dioxide,41740,"San Diego-Carlsbad, CA",6,California,73,San Diego,32.789565,-116.944308
2/4/20,AQS,60731022,1,0.2,ppb,0,El Cajon - Lexington Elementary School,18,75,42401,Sulfur dioxide,41740,"San Diego-Carlsbad, CA",6,California,73,San Diego,32.789565,-116.944308
2/8/20,AQS,60731022,1,0.3,ppb,0,El Cajon - Lexington Elementary School,21,88,42401,Sulfur dioxide,41740,"San Diego-Carlsbad, CA",6,California,73,San Diego,32.789565,-116.944308
2/9/20,AQS,60731022,1,0,ppb,0,El Cajon - Lexington Elementary School,21,88,42401,Sulfur dioxide,41740,"San Diego-Carlsbad, CA",6,California,73,San Diego,32.789565,-116.944308
2/10/20,AQS,60731022,1,0,ppb,0,El Cajon - Lexington Elementary School,20,83,42401,Sulfur dioxide,41740,"San Diego-Carlsbad, CA",6,California,73,San Diego,32.789565,-116.944308
2/11/20,AQS,60731022,1,0.1,ppb,0,El Cajon - Lexington Elementary School,20,83,42401,Sulfur dioxide,41740,"San Diego-Carlsbad, CA",6,California,73,San Diego,32.789565,-116.944308
2/12/20,AQS,60731022,1,0.2,ppb,0,El Cajon - Lexington Elementary School,20,83,42401,Sulfur dioxide,41740,"San Diego-Carlsbad, CA",6,California,73,San Diego,32.789565,-116.944308
2/13/20,AQS,60731022,1,0.2,ppb,0,El Cajon - Lexington Elementary School,24,100,42401,Sulfur dioxide,41740,"San Diego-Carlsbad, CA",6,California,73,San Diego,32.789565,-116.944308
2/14/20,AQS,60731022,1,0.3,ppb,0,El Cajon - Lexington Elementary School,24,100,42401,Sulfur dioxide,41740,"San Diego-Carlsbad, CA",6,California,73,San Diego,32.789565,-116.944308
2/15/20,AQS,60731022,1,0.1,ppb,0,El Cajon - Lexington Elementary School,24,100,42401,Sulfur dioxide,41740,"San Diego-Carlsbad, CA",6,California,73,San Diego,32.789565,-116.944308
2/16/20,AQS,60731022,1,0.2,ppb,0,El Cajon - Lexington Elementary School,24,100,42401,Sulfur dioxide,41740,"San Diego-Carlsbad, CA",6,California,73,San Diego,32.789565,-116.944308
2/17/20,AQS,60731022,1,0.1,ppb,0,El Cajon - Lexington Elementary School,24,100,42401,Sulfur dioxide,41740,"San Diego-Carlsbad, CA",6,California,73,San Diego,32.789565,-116.944308
2/18/20,AQS,60731022,1,0.2,ppb,0,El Cajon - Lexington Elementary School,24,100,42401,Sulfur dioxide,41740,"San Diego-Carlsbad, CA",6,California,73,San Diego,32.789565,-116.944308
2/19/20,AQS,60731022,1,0.1,ppb,0,El Cajon - Lexington Elementary School,24,100,42401,Sulfur dioxide,41740,"San Diego-Carlsbad, CA",6,California,73,San Diego,32.789565,-116.944308
2/21/20,AQS,60731022,1,0.3,ppb,0,El Cajon - Lexington Elementary School,20,83,42401,Sulfur dioxide,41740,"San Diego-Carlsbad, CA",6,California,73,San Diego,32.789565,-116.944308
2/22/20,AQS,60731022,1,0,ppb,0,El Cajon - Lexington Elementary School,21,88,42401,Sulfur dioxide,41740,"San Diego-Carlsbad, CA",6,California,73,San Diego,32.789565,-116.944308
2/23/20,AQS,60731022,1,0,ppb,0,El Cajon - Lexington Elementary School,21,88,42401,Sulfur dioxide,41740,"San Diego-Carlsbad, CA",6,California,73,San Diego,32.789565,-116.944308
2/24/20,AQS,60731022,1,0.1,ppb,0,El Cajon - Lexington Elementary School,21,88,42401,Sulfur dioxide,41740,"San Diego-Carlsbad, CA",6,California,73,San Diego,32.789565,-116.944308
2/25/20,AQS,60731022,1,0.2,ppb,0,El Cajon - Lexington Elementary School,21,88,42401,Sulfur dioxide,41740,"San Diego-Carlsbad, CA",6,California,73,San Diego,32.789565,-116.944308
2/26/20,AQS,60731022,1,0.2,ppb,0,El Cajon - Lexington Elementary School,21,88,42401,Sulfur dioxide,41740,"San Diego-Carlsbad, CA",6,California,73,San Diego,32.789565,-116.944308
2/27/20,AQS,60731022,1,0.2,ppb,0,El Cajon - Lexington Elementary School,20,83,42401,Sulfur dioxide,41740,"San Diego-Carlsbad, CA",6,California,73,San Diego,32.789565,-116.944308
2/28/20,AQS,60731022,1,0.3,ppb,0,El Cajon - Lexington Elementary School,21,88,42401,Sulfur dioxide,41740,"San Diego-Carlsbad, CA",6,California,73,San Diego,32.789565,-116.944308
2/29/20,AQS,60731022,1,0.2,ppb,0,El Cajon - Lexington Elementary School,21,88,42401,Sulfur dioxide,41740,"San Diego-Carlsbad, CA",6,California,73,San Diego,32.789565,-116.944308
3/1/20,AQS,60731022,1,0,ppb,0,El Cajon - Lexington Elementary School,21,88,42401,Sulfur dioxide,41740,"San Diego-Carlsbad, CA",6,California,73,San Diego,32.789565,-116.944308
3/2/20,AQS,60731022,1,0,ppb,0,El Cajon - Lexington Elementary School,21,88,42401,Sulfur dioxide,41740,"San Diego-Carlsbad, CA",6,California,73,San Diego,32.789565,-116.944308
3/3/20,AQS,60731022,1,0.2,ppb,0,El Cajon - Lexington Elementary School,21,88,42401,Sulfur dioxide,41740,"San Diego-Carlsbad, CA",6,California,73,San Diego,32.789565,-116.944308
3/4/20,AQS,60731022,1,0.2,ppb,0,El Cajon - Lexington Elementary School,19,79,42401,Sulfur dioxide,41740,"San Diego-Carlsbad, CA",6,California,73,San Diego,32.789565,-116.944308
3/5/20,AQS,60731022,1,0.2,ppb,0,El Cajon - Lexington Elementary School,21,88,42401,Sulfur dioxide,41740,"San Diego-Carlsbad, CA",6,California,73,San Diego,32.789565,-116.944308
3/6/20,AQS,60731022,1,0.1,ppb,0,El Cajon - Lexington Elementary School,21,88,42401,Sulfur dioxide,41740,"San Diego-Carlsbad, CA",6,California,73,San Diego,32.789565,-116.944308
3/7/20,AQS,60731022,1,0,ppb,0,El Cajon - Lexington Elementary School,21,88,42401,Sulfur dioxide,41740,"San Diego-Carlsbad, CA",6,California,73,San Diego,32.789565,-116.944308
3/8/20,AQS,60731022,1,0,ppb,0,El Cajon - Lexington Elementary School,21,88,42401,Sulfur dioxide,41740,"San Diego-Carlsbad, CA",6,California,73,San Diego,32.789565,-116.944308
3/9/20,AQS,60731022,1,0.1,ppb,0,El Cajon - Lexington Elementary School,21,88,42401,Sulfur dioxide,41740,"San Diego-Carlsbad, CA",6,California,73,San Diego,32.789565,-116.944308
3/10/20,AQS,60731022,1,0,ppb,0,El Cajon - Lexington Elementary School,20,83,42401,Sulfur dioxide,41740,"San Diego-Carlsbad, CA",6,California,73,San Diego,32.789565,-116.944308
3/11/20,AQS,60731022,1,0,ppb,0,El Cajon - Lexington Elementary School,21,88,42401,Sulfur dioxide,41740,"San Diego-Carlsbad, CA",6,California,73,San Diego,32.789565,-116.944308
3/12/20,AQS,60731022,1,0,ppb,0,El Cajon - Lexington Elementary School,21,88,42401,Sulfur dioxide,41740,"San Diego-Carlsbad, CA",6,California,73,San Diego,32.789565,-116.944308
3/14/20,AQS,60731022,1,0,ppb,0,El Cajon - Lexington Elementary School,21,88,42401,Sulfur dioxide,41740,"San Diego-Carlsbad, CA",6,California,73,San Diego,32.789565,-116.944308
3/15/20,AQS,60731022,1,0,ppb,0,El Cajon - Lexington Elementary School,21,88,42401,Sulfur dioxide,41740,"San Diego-Carlsbad, CA",6,California,73,San Diego,32.789565,-116.944308
3/16/20,AQS,60731022,1,0,ppb,0,El Cajon - Lexington Elementary School,21,88,42401,Sulfur dioxide,41740,"San Diego-Carlsbad, CA",6,California,73,San Diego,32.789565,-116.944308
3/17/20,AQS,60731022,1,0,ppb,0,El Cajon - Lexington Elementary School,21,88,42401,Sulfur dioxide,41740,"San Diego-Carlsbad, CA",6,California,73,San Diego,32.789565,-116.944308
3/18/20,AQS,60731022,1,0,ppb,0,El Cajon - Lexington Elementary School,21,88,42401,Sulfur dioxide,41740,"San Diego-Carlsbad, CA",6,California,73,San Diego,32.789565,-116.944308
3/19/20,AQS,60731022,1,0,ppb,0,El Cajon - Lexington Elementary School,20,83,42401,Sulfur dioxide,41740,"San Diego-Carlsbad, CA",6,California,73,San Diego,32.789565,-116.944308
3/20/20,AQS,60731022,1,0,ppb,0,El Cajon - Lexington Elementary School,21,88,42401,Sulfur dioxide,41740,"San Diego-Carlsbad, CA",6,California,73,San Diego,32.789565,-116.944308
3/21/20,AQS,60731022,1,0,ppb,0,El Cajon - Lexington Elementary School,21,88,42401,Sulfur dioxide,41740,"San Diego-Carlsbad, CA",6,California,73,San Diego,32.789565,-116.944308
3/22/20,AQS,60731022,1,0.1,ppb,0,El Cajon - Lexington Elementary School,21,88,42401,Sulfur dioxide,41740,"San Diego-Carlsbad, CA",6,California,73,San Diego,32.789565,-116.944308
3/23/20,AQS,60731022,1,0,ppb,0,El Cajon - Lexington Elementary School,21,88,42401,Sulfur dioxide,41740,"San Diego-Carlsbad, CA",6,California,73,San Diego,32.789565,-116.944308
3/24/20,AQS,60731022,1,0,ppb,0,El Cajon - Lexington Elementary School,21,88,42401,Sulfur dioxide,41740,"San Diego-Carlsbad, CA",6,California,73,San Diego,32.789565,-116.944308
3/25/20,AQS,60731022,1,0,ppb,0,El Cajon - Lexington Elementary School,20,83,42401,Sulfur dioxide,41740,"San Diego-Carlsbad, CA",6,California,73,San Diego,32.789565,-116.944308
3/26/20,AQS,60731022,1,0,ppb,0,El Cajon - Lexington Elementary School,21,88,42401,Sulfur dioxide,41740,"San Diego-Carlsbad, CA",6,California,73,San Diego,32.789565,-116.944308
3/28/20,AQS,60731022,1,0,ppb,0,El Cajon - Lexington Elementary School,21,88,42401,Sulfur dioxide,41740,"San Diego-Carlsbad, CA",6,California,73,San Diego,32.789565,-116.944308
3/29/20,AQS,60731022,1,0,ppb,0,El Cajon - Lexington Elementary School,21,88,42401,Sulfur dioxide,41740,"San Diego-Carlsbad, CA",6,California,73,San Diego,32.789565,-116.944308
3/30/20,AQS,60731022,1,0,ppb,0,El Cajon - Lexington Elementary School,20,83,42401,Sulfur dioxide,41740,"San Diego-Carlsbad, CA",6,California,73,San Diego,32.789565,-116.944308
3/31/20,AQS,60731022,1,0.2,ppb,0,El Cajon - Lexington Elementary School,21,88,42401,Sulfur dioxide,41740,"San Diego-Carlsbad, CA",6,California,73,San Diego,32.789565,-116.944308
4/1/20,AQS,60731022,1,0.1,ppb,0,El Cajon - Lexington Elementary School,21,88,42401,Sulfur dioxide,41740,"San Diego-Carlsbad, CA",6,California,73,San Diego,32.789565,-116.944308
4/2/20,AQS,60731022,1,0,ppb,0,El Cajon - Lexington Elementary School,21,88,42401,Sulfur dioxide,41740,"San Diego-Carlsbad, CA",6,California,73,San Diego,32.789565,-116.944308
4/3/20,AQS,60731022,1,0.1,ppb,0,El Cajon - Lexington Elementary School,21,88,42401,Sulfur dioxide,41740,"San Diego-Carlsbad, CA",6,California,73,San Diego,32.789565,-116.944308
4/4/20,AQS,60731022,1,0.1,ppb,0,El Cajon - Lexington Elementary School,21,88,42401,Sulfur dioxide,41740,"San Diego-Carlsbad, CA",6,California,73,San Diego,32.789565,-116.944308
4/5/20,AQS,60731022,1,0,ppb,0,El Cajon - Lexington Elementary School,21,88,42401,Sulfur dioxide,41740,"San Diego-Carlsbad, CA",6,California,73,San Diego,32.789565,-116.944308
4/6/20,AQS,60731022,1,0,ppb,0,El Cajon - Lexington Elementary School,21,88,42401,Sulfur dioxide,41740,"San Diego-Carlsbad, CA",6,California,73,San Diego,32.789565,-116.944308
4/7/20,AQS,60731022,1,0,ppb,0,El Cajon - Lexington Elementary School,21,88,42401,Sulfur dioxide,41740,"San Diego-Carlsbad, CA",6,California,73,San Diego,32.789565,-116.944308
4/8/20,AQS,60731022,1,0,ppb,0,El Cajon - Lexington Elementary School,21,88,42401,Sulfur dioxide,41740,"San Diego-Carlsbad, CA",6,California,73,San Diego,32.789565,-116.944308
4/9/20,AQS,60731022,1,0,ppb,0,El Cajon - Lexington Elementary School,20,83,42401,Sulfur dioxide,41740,"San Diego-Carlsbad, CA",6,California,73,San Diego,32.789565,-116.944308
4/10/20,AQS,60731022,1,0,ppb,0,El Cajon - Lexington Elementary School,18,75,42401,Sulfur dioxide,41740,"San Diego-Carlsbad, CA",6,California,73,San Diego,32.789565,-116.944308
4/11/20,AQS,60731022,1,0,ppb,0,El Cajon - Lexington Elementary School,21,88,42401,Sulfur dioxide,41740,"San Diego-Carlsbad, CA",6,California,73,San Diego,32.789565,-116.944308
4/12/20,AQS,60731022,1,0,ppb,0,El Cajon - Lexington Elementary School,20,83,42401,Sulfur dioxide,41740,"San Diego-Carlsbad, CA",6,California,73,San Diego,32.789565,-116.944308
4/13/20,AQS,60731022,1,0,ppb,0,El Cajon - Lexington Elementary School,20,83,42401,Sulfur dioxide,41740,"San Diego-Carlsbad, CA",6,California,73,San Diego,32.789565,-116.944308
4/15/20,AQS,60731022,1,0.2,ppb,0,El Cajon - Lexington Elementary School,20,83,42401,Sulfur dioxide,41740,"San Diego-Carlsbad, CA",6,California,73,San Diego,32.789565,-116.944308
4/16/20,AQS,60731022,1,0.1,ppb,0,El Cajon - Lexington Elementary School,21,88,42401,Sulfur dioxide,41740,"San Diego-Carlsbad, CA",6,California,73,San Diego,32.789565,-116.944308
4/17/20,AQS,60731022,1,0,ppb,0,El Cajon - Lexington Elementary School,21,88,42401,Sulfur dioxide,41740,"San Diego-Carlsbad, CA",6,California,73,San Diego,32.789565,-116.944308
4/18/20,AQS,60731022,1,0.1,ppb,0,El Cajon - Lexington Elementary School,21,88,42401,Sulfur dioxide,41740,"San Diego-Carlsbad, CA",6,California,73,San Diego,32.789565,-116.944308
4/19/20,AQS,60731022,1,0,ppb,0,El Cajon - Lexington Elementary School,21,88,42401,Sulfur dioxide,41740,"San Diego-Carlsbad, CA",6,California,73,San Diego,32.789565,-116.944308
4/20/20,AQS,60731022,1,0,ppb,0,El Cajon - Lexington Elementary School,20,83,42401,Sulfur dioxide,41740,"San Diego-Carlsbad, CA",6,California,73,San Diego,32.789565,-116.944308
4/23/20,AQS,60731022,1,0.3,ppb,0,El Cajon - Lexington Elementary School,20,83,42401,Sulfur dioxide,41740,"San Diego-Carlsbad, CA",6,California,73,San Diego,32.789565,-116.944308
4/24/20,AQS,60731022,1,0.2,ppb,0,El Cajon - Lexington Elementary School,21,88,42401,Sulfur dioxide,41740,"San Diego-Carlsbad, CA",6,California,73,San Diego,32.789565,-116.944308
4/25/20,AQS,60731022,1,0.4,ppb,0,El Cajon - Lexington Elementary School,21,88,42401,Sulfur dioxide,41740,"San Diego-Carlsbad, CA",6,California,73,San Diego,32.789565,-116.944308
4/26/20,AQS,60731022,1,0.2,ppb,0,El Cajon - Lexington Elementary School,21,88,42401,Sulfur dioxide,41740,"San Diego-Carlsbad, CA",6,California,73,San Diego,32.789565,-116.944308
4/29/20,AQS,60731022,1,0.1,ppb,0,El Cajon - Lexington Elementary School,19,79,42401,Sulfur dioxide,41740,"San Diego-Carlsbad, CA",6,California,73,San Diego,32.789565,-116.944308
4/30/20,AQS,60731022,1,0.1,ppb,0,El Cajon - Lexington Elementary School,20,83,42401,Sulfur dioxide,41740,"San Diego-Carlsbad, CA",6,California,73,San Diego,32.789565,-116.944308
5/1/20,AQS,60731022,1,0.1,ppb,0,El Cajon - Lexington Elementary School,21,88,42401,Sulfur dioxide,41740,"San Diego-Carlsbad, CA",6,California,73,San Diego,32.789565,-116.944308
5/2/20,AQS,60731022,1,0.3,ppb,0,El Cajon - Lexington Elementary School,21,88,42401,Sulfur dioxide,41740,"San Diego-Carlsbad, CA",6,California,73,San Diego,32.789565,-116.944308
5/3/20,AQS,60731022,1,0.5,ppb,0,El Cajon - Lexington Elementary School,21,88,42401,Sulfur dioxide,41740,"San Diego-Carlsbad, CA",6,California,73,San Diego,32.789565,-116.944308
5/4/20,AQS,60731022,1,0.4,ppb,0,El Cajon - Lexington Elementary School,19,79,42401,Sulfur dioxide,41740,"San Diego-Carlsbad, CA",6,California,73,San Diego,32.789565,-116.944308
5/5/20,AQS,60731022,1,1.7,ppb,1,El Cajon - Lexington Elementary School,21,88,42401,Sulfur dioxide,41740,"San Diego-Carlsbad, CA",6,California,73,San Diego,32.789565,-116.944308
5/6/20,AQS,60731022,1,0.7,ppb,0,El Cajon - Lexington Elementary School,20,83,42401,Sulfur dioxide,41740,"San Diego-Carlsbad, CA",6,California,73,San Diego,32.789565,-116.944308
5/7/20,AQS,60731022,1,0.5,ppb,0,El Cajon - Lexington Elementary School,21,88,42401,Sulfur dioxide,41740,"San Diego-Carlsbad, CA",6,California,73,San Diego,32.789565,-116.944308
5/8/20,AQS,60731022,1,0.3,ppb,0,El Cajon - Lexington Elementary School,21,88,42401,Sulfur dioxide,41740,"San Diego-Carlsbad, CA",6,California,73,San Diego,32.789565,-116.944308
5/9/20,AQS,60731022,1,0.4,ppb,0,El Cajon - Lexington Elementary School,21,88,42401,Sulfur dioxide,41740,"San Diego-Carlsbad, CA",6,California,73,San Diego,32.789565,-116.944308
5/10/20,AQS,60731022,1,0.1,ppb,0,El Cajon - Lexington Elementary School,21,88,42401,Sulfur dioxide,41740,"San Diego-Carlsbad, CA",6,California,73,San Diego,32.789565,-116.944308
5/11/20,AQS,60731022,1,0.6,ppb,0,El Cajon - Lexington Elementary School,21,88,42401,Sulfur dioxide,41740,"San Diego-Carlsbad, CA",6,California,73,San Diego,32.789565,-116.944308
5/12/20,AQS,60731022,1,0.2,ppb,0,El Cajon - Lexington Elementary School,21,88,42401,Sulfur dioxide,41740,"San Diego-Carlsbad, CA",6,California,73,San Diego,32.789565,-116.944308
5/13/20,AQS,60731022,1,0.1,ppb,0,El Cajon - Lexington Elementary School,21,88,42401,Sulfur dioxide,41740,"San Diego-Carlsbad, CA",6,California,73,San Diego,32.789565,-116.944308
5/14/20,AQS,60731022,1,0.1,ppb,0,El Cajon - Lexington Elementary School,20,83,42401,Sulfur dioxide,41740,"San Diego-Carlsbad, CA",6,California,73,San Diego,32.789565,-116.944308
5/15/20,AQS,60731022,1,0.2,ppb,0,El Cajon - Lexington Elementary School,21,88,42401,Sulfur dioxide,41740,"San Diego-Carlsbad, CA",6,California,73,San Diego,32.789565,-116.944308
5/16/20,AQS,60731022,1,0.2,ppb,0,El Cajon - Lexington Elementary School,21,88,42401,Sulfur dioxide,41740,"San Diego-Carlsbad, CA",6,California,73,San Diego,32.789565,-116.944308
5/17/20,AQS,60731022,1,0.1,ppb,0,El Cajon - Lexington Elementary School,21,88,42401,Sulfur dioxide,41740,"San Diego-Carlsbad, CA",6,California,73,San Diego,32.789565,-116.944308
5/18/20,AQS,60731022,1,0.1,ppb,0,El Cajon - Lexington Elementary School,21,88,42401,Sulfur dioxide,41740,"San Diego-Carlsbad, CA",6,California,73,San Diego,32.789565,-116.944308
5/19/20,AQS,60731022,1,0.1,ppb,0,El Cajon - Lexington Elementary School,21,88,42401,Sulfur dioxide,41740,"San Diego-Carlsbad, CA",6,California,73,San Diego,32.789565,-116.944308
5/20/20,AQS,60731022,1,0.2,ppb,0,El Cajon - Lexington Elementary School,21,88,42401,Sulfur dioxide,41740,"San Diego-Carlsbad, CA",6,California,73,San Diego,32.789565,-116.944308
5/21/20,AQS,60731022,1,0.3,ppb,0,El Cajon - Lexington Elementary School,20,83,42401,Sulfur dioxide,41740,"San Diego-Carlsbad, CA",6,California,73,San Diego,32.789565,-116.944308
5/22/20,AQS,60731022,1,0.2,ppb,0,El Cajon - Lexington Elementary School,21,88,42401,Sulfur dioxide,41740,"San Diego-Carlsbad, CA",6,California,73,San Diego,32.789565,-116.944308
5/23/20,AQS,60731022,1,0.1,ppb,0,El Cajon - Lexington Elementary School,21,88,42401,Sulfur dioxide,41740,"San Diego-Carlsbad, CA",6,California,73,San Diego,32.789565,-116.944308
5/24/20,AQS,60731022,1,0.1,ppb,0,El Cajon - Lexington Elementary School,21,88,42401,Sulfur dioxide,41740,"San Diego-Carlsbad, CA",6,California,73,San Diego,32.789565,-116.944308
5/25/20,AQS,60731022,1,0.2,ppb,0,El Cajon - Lexington Elementary School,21,88,42401,Sulfur dioxide,41740,"San Diego-Carlsbad, CA",6,California,73,San Diego,32.789565,-116.944308
5/26/20,AQS,60731022,1,0.3,ppb,0,El Cajon - Lexington Elementary School,21,88,42401,Sulfur dioxide,41740,"San Diego-Carlsbad, CA",6,California,73,San Diego,32.789565,-116.944308
5/27/20,AQS,60731022,1,0.2,ppb,0,El Cajon - Lexington Elementary School,19,79,42401,Sulfur dioxide,41740,"San Diego-Carlsbad, CA",6,California,73,San Diego,32.789565,-116.944308
5/29/20,AQS,60731022,1,0.1,ppb,0,El Cajon - Lexington Elementary School,19,79,42401,Sulfur dioxide,41740,"San Diego-Carlsbad, CA",6,California,73,San Diego,32.789565,-116.944308
5/30/20,AQS,60731022,1,0.1,ppb,0,El Cajon - Lexington Elementary School,21,88,42401,Sulfur dioxide,41740,"San Diego-Carlsbad, CA",6,California,73,San Diego,32.789565,-116.944308
5/31/20,AQS,60731022,1,0.1,ppb,0,El Cajon - Lexington Elementary School,21,88,42401,Sulfur dioxide,41740,"San Diego-Carlsbad, CA",6,California,73,San Diego,32.789565,-116.944308
6/1/20,AQS,60731022,1,0.2,ppb,0,El Cajon - Lexington Elementary School,20,83,42401,Sulfur dioxide,41740,"San Diego-Carlsbad, CA",6,California,73,San Diego,32.789565,-116.944308
6/2/20,AQS,60731022,1,0.3,ppb,0,El Cajon - Lexington Elementary School,21,88,42401,Sulfur dioxide,41740,"San Diego-Carlsbad, CA",6,California,73,San Diego,32.789565,-116.944308
6/3/20,AQS,60731022,1,0.4,ppb,0,El Cajon - Lexington Elementary School,21,88,42401,Sulfur dioxide,41740,"San Diego-Carlsbad, CA",6,California,73,San Diego,32.789565,-116.944308
6/4/20,AQS,60731022,1,0.1,ppb,0,El Cajon - Lexington Elementary School,21,88,42401,Sulfur dioxide,41740,"San Diego-Carlsbad, CA",6,California,73,San Diego,32.789565,-116.944308
6/5/20,AQS,60731022,1,0,ppb,0,El Cajon - Lexington Elementary School,21,88,42401,Sulfur dioxide,41740,"San Diego-Carlsbad, CA",6,California,73,San Diego,32.789565,-116.944308
6/6/20,AQS,60731022,1,0,ppb,0,El Cajon - Lexington Elementary School,21,88,42401,Sulfur dioxide,41740,"San Diego-Carlsbad, CA",6,California,73,San Diego,32.789565,-116.944308
6/7/20,AQS,60731022,1,0.1,ppb,0,El Cajon - Lexington Elementary School,21,88,42401,Sulfur dioxide,41740,"San Diego-Carlsbad, CA",6,California,73,San Diego,32.789565,-116.944308
6/8/20,AQS,60731022,1,0.2,ppb,0,El Cajon - Lexington Elementary School,21,88,42401,Sulfur dioxide,41740,"San Diego-Carlsbad, CA",6,California,73,San Diego,32.789565,-116.944308
6/9/20,AQS,60731022,1,0.1,ppb,0,El Cajon - Lexington Elementary School,20,83,42401,Sulfur dioxide,41740,"San Diego-Carlsbad, CA",6,California,73,San Diego,32.789565,-116.944308
6/10/20,AQS,60731022,1,0.3,ppb,0,El Cajon - Lexington Elementary School,21,88,42401,Sulfur dioxide,41740,"San Diego-Carlsbad, CA",6,California,73,San Diego,32.789565,-116.944308
6/11/20,AQS,60731022,1,0.8,ppb,0,El Cajon - Lexington Elementary School,20,83,42401,Sulfur dioxide,41740,"San Diego-Carlsbad, CA",6,California,73,San Diego,32.789565,-116.944308
6/12/20,AQS,60731022,1,0.3,ppb,0,El Cajon - Lexington Elementary School,21,88,42401,Sulfur dioxide,41740,"San Diego-Carlsbad, CA",6,California,73,San Diego,32.789565,-116.944308
6/13/20,AQS,60731022,1,0.1,ppb,0,El Cajon - Lexington Elementary School,21,88,42401,Sulfur dioxide,41740,"San Diego-Carlsbad, CA",6,California,73,San Diego,32.789565,-116.944308
6/14/20,AQS,60731022,1,0.2,ppb,0,El Cajon - Lexington Elementary School,21,88,42401,Sulfur dioxide,41740,"San Diego-Carlsbad, CA",6,California,73,San Diego,32.789565,-116.944308
6/15/20,AQS,60731022,1,0.1,ppb,0,El Cajon - Lexington Elementary School,21,88,42401,Sulfur dioxide,41740,"San Diego-Carlsbad, CA",6,California,73,San Diego,32.789565,-116.944308
6/16/20,AQS,60731022,1,0.2,ppb,0,El Cajon - Lexington Elementary School,19,79,42401,Sulfur dioxide,41740,"San Diego-Carlsbad, CA",6,California,73,San Diego,32.789565,-116.944308
6/17/20,AQS,60731022,1,0.2,ppb,0,El Cajon - Lexington Elementary School,22,92,42401,Sulfur dioxide,41740,"San Diego-Carlsbad, CA",6,California,73,San Diego,32.789565,-116.944308
6/18/20,AQS,60731022,1,0.1,ppb,0,El Cajon - Lexington Elementary School,21,88,42401,Sulfur dioxide,41740,"San Diego-Carlsbad, CA",6,California,73,San Diego,32.789565,-116.944308
6/19/20,AQS,60731022,1,0.1,ppb,0,El Cajon - Lexington Elementary School,21,88,42401,Sulfur dioxide,41740,"San Diego-Carlsbad, CA",6,California,73,San Diego,32.789565,-116.944308
6/20/20,AQS,60731022,1,0.1,ppb,0,El Cajon - Lexington Elementary School,20,83,42401,Sulfur dioxide,41740,"San Diego-Carlsbad, CA",6,California,73,San Diego,32.789565,-116.944308
6/21/20,AQS,60731022,1,0.1,ppb,0,El Cajon - Lexington Elementary School,21,88,42401,Sulfur dioxide,41740,"San Diego-Carlsbad, CA",6,California,73,San Diego,32.789565,-116.944308
6/22/20,AQS,60731022,1,0.1,ppb,0,El Cajon - Lexington Elementary School,21,88,42401,Sulfur dioxide,41740,"San Diego-Carlsbad, CA",6,California,73,San Diego,32.789565,-116.944308
6/23/20,AQS,60731022,1,0.2,ppb,0,El Cajon - Lexington Elementary School,21,88,42401,Sulfur dioxide,41740,"San Diego-Carlsbad, CA",6,California,73,San Diego,32.789565,-116.944308
6/24/20,AQS,60731022,1,0.1,ppb,0,El Cajon - Lexington Elementary School,21,88,42401,Sulfur dioxide,41740,"San Diego-Carlsbad, CA",6,California,73,San Diego,32.789565,-116.944308
6/25/20,AQS,60731022,1,0.1,ppb,0,El Cajon - Lexington Elementary School,21,88,42401,Sulfur dioxide,41740,"San Diego-Carlsbad, CA",6,California,73,San Diego,32.789565,-116.944308
6/26/20,AQS,60731022,1,0.2,ppb,0,El Cajon - Lexington Elementary School,21,88,42401,Sulfur dioxide,41740,"San Diego-Carlsbad, CA",6,California,73,San Diego,32.789565,-116.944308
6/27/20,AQS,60731022,1,0.1,ppb,0,El Cajon - Lexington Elementary School,21,88,42401,Sulfur dioxide,41740,"San Diego-Carlsbad, CA",6,California,73,San Diego,32.789565,-116.944308
6/28/20,AQS,60731022,1,0.1,ppb,0,El Cajon - Lexington Elementary School,21,88,42401,Sulfur dioxide,41740,"San Diego-Carlsbad, CA",6,California,73,San Diego,32.789565,-116.944308
6/29/20,AQS,60731022,1,0.1,ppb,0,El Cajon - Lexington Elementary School,20,83,42401,Sulfur dioxide,41740,"San Diego-Carlsbad, CA",6,California,73,San Diego,32.789565,-116.944308
7/1/20,AQS,60731022,1,0.1,ppb,0,El Cajon - Lexington Elementary School,21,88,42401,Sulfur dioxide,41740,"San Diego-Carlsbad, CA",6,California,73,San Diego,32.789565,-116.944308
7/2/20,AQS,60731022,1,0.1,ppb,0,El Cajon - Lexington Elementary School,21,88,42401,Sulfur dioxide,41740,"San Diego-Carlsbad, CA",6,California,73,San Diego,32.789565,-116.944308
7/3/20,AQS,60731022,1,0.2,ppb,0,El Cajon - Lexington Elementary School,21,88,42401,Sulfur dioxide,41740,"San Diego-Carlsbad, CA",6,California,73,San Diego,32.789565,-116.944308
7/4/20,AQS,60731022,1,0.3,ppb,0,El Cajon - Lexington Elementary School,21,88,42401,Sulfur dioxide,41740,"San Diego-Carlsbad, CA",6,California,73,San Diego,32.789565,-116.944308
7/5/20,AQS,60731022,1,0.2,ppb,0,El Cajon - Lexington Elementary School,21,88,42401,Sulfur dioxide,41740,"San Diego-Carlsbad, CA",6,California,73,San Diego,32.789565,-116.944308
7/6/20,AQS,60731022,1,0.4,ppb,0,El Cajon - Lexington Elementary School,21,88,42401,Sulfur dioxide,41740,"San Diego-Carlsbad, CA",6,California,73,San Diego,32.789565,-116.944308
7/7/20,AQS,60731022,1,0.4,ppb,0,El Cajon - Lexington Elementary School,21,88,42401,Sulfur dioxide,41740,"San Diego-Carlsbad, CA",6,California,73,San Diego,32.789565,-116.944308
7/8/20,AQS,60731022,1,0.3,ppb,0,El Cajon - Lexington Elementary School,21,88,42401,Sulfur dioxide,41740,"San Diego-Carlsbad, CA",6,California,73,San Diego,32.789565,-116.944308
7/9/20,AQS,60731022,1,0.2,ppb,0,El Cajon - Lexington Elementary School,21,88,42401,Sulfur dioxide,41740,"San Diego-Carlsbad, CA",6,California,73,San Diego,32.789565,-116.944308
7/10/20,AQS,60731022,1,0.1,ppb,0,El Cajon - Lexington Elementary School,21,88,42401,Sulfur dioxide,41740,"San Diego-Carlsbad, CA",6,California,73,San Diego,32.789565,-116.944308
7/11/20,AQS,60731022,1,0.1,ppb,0,El Cajon - Lexington Elementary School,21,88,42401,Sulfur dioxide,41740,"San Diego-Carlsbad, CA",6,California,73,San Diego,32.789565,-116.944308
7/12/20,AQS,60731022,1,0.5,ppb,0,El Cajon - Lexington Elementary School,21,88,42401,Sulfur dioxide,41740,"San Diego-Carlsbad, CA",6,California,73,San Diego,32.789565,-116.944308
7/13/20,AQS,60731022,1,0.4,ppb,0,El Cajon - Lexington Elementary School,21,88,42401,Sulfur dioxide,41740,"San Diego-Carlsbad, CA",6,California,73,San Diego,32.789565,-116.944308
7/14/20,AQS,60731022,1,0.2,ppb,0,El Cajon - Lexington Elementary School,21,88,42401,Sulfur dioxide,41740,"San Diego-Carlsbad, CA",6,California,73,San Diego,32.789565,-116.944308
7/15/20,AQS,60731022,1,0.2,ppb,0,El Cajon - Lexington Elementary School,21,88,42401,Sulfur dioxide,41740,"San Diego-Carlsbad, CA",6,California,73,San Diego,32.789565,-116.944308
7/16/20,AQS,60731022,1,0.1,ppb,0,El Cajon - Lexington Elementary School,21,88,42401,Sulfur dioxide,41740,"San Diego-Carlsbad, CA",6,California,73,San Diego,32.789565,-116.944308
7/17/20,AQS,60731022,1,0.2,ppb,0,El Cajon - Lexington Elementary School,21,88,42401,Sulfur dioxide,41740,"San Diego-Carlsbad, CA",6,California,73,San Diego,32.789565,-116.944308
7/18/20,AQS,60731022,1,0.1,ppb,0,El Cajon - Lexington Elementary School,21,88,42401,Sulfur dioxide,41740,"San Diego-Carlsbad, CA",6,California,73,San Diego,32.789565,-116.944308
7/19/20,AQS,60731022,1,0.1,ppb,0,El Cajon - Lexington Elementary School,21,88,42401,Sulfur dioxide,41740,"San Diego-Carlsbad, CA",6,California,73,San Diego,32.789565,-116.944308
7/20/20,AQS,60731022,1,0.2,ppb,0,El Cajon - Lexington Elementary School,21,88,42401,Sulfur dioxide,41740,"San Diego-Carlsbad, CA",6,California,73,San Diego,32.789565,-116.944308
7/21/20,AQS,60731022,1,0.2,ppb,0,El Cajon - Lexington Elementary School,21,88,42401,Sulfur dioxide,41740,"San Diego-Carlsbad, CA",6,California,73,San Diego,32.789565,-116.944308
7/22/20,AQS,60731022,1,0.1,ppb,0,El Cajon - Lexington Elementary School,21,88,42401,Sulfur dioxide,41740,"San Diego-Carlsbad, CA",6,California,73,San Diego,32.789565,-116.944308
7/23/20,AQS,60731022,1,0.1,ppb,0,El Cajon - Lexington Elementary School,21,88,42401,Sulfur dioxide,41740,"San Diego-Carlsbad, CA",6,California,73,San Diego,32.789565,-116.944308
7/24/20,AQS,60731022,1,0.2,ppb,0,El Cajon - Lexington Elementary School,21,88,42401,Sulfur dioxide,41740,"San Diego-Carlsbad, CA",6,California,73,San Diego,32.789565,-116.944308
7/25/20,AQS,60731022,1,0.1,ppb,0,El Cajon - Lexington Elementary School,21,88,42401,Sulfur dioxide,41740,"San Diego-Carlsbad, CA",6,California,73,San Diego,32.789565,-116.944308
7/26/20,AQS,60731022,1,0.1,ppb,0,El Cajon - Lexington Elementary School,21,88,42401,Sulfur dioxide,41740,"San Diego-Carlsbad, CA",6,California,73,San Diego,32.789565,-116.944308
7/27/20,AQS,60731022,1,0.1,ppb,0,El Cajon - Lexington Elementary School,21,88,42401,Sulfur dioxide,41740,"San Diego-Carlsbad, CA",6,California,73,San Diego,32.789565,-116.944308
7/28/20,AQS,60731022,1,0.1,ppb,0,El Cajon - Lexington Elementary School,21,88,42401,Sulfur dioxide,41740,"San Diego-Carlsbad, CA",6,California,73,San Diego,32.789565,-116.944308
7/29/20,AQS,60731022,1,0.1,ppb,0,El Cajon - Lexington Elementary School,20,83,42401,Sulfur dioxide,41740,"San Diego-Carlsbad, CA",6,California,73,San Diego,32.789565,-116.944308
7/30/20,AQS,60731022,1,0.2,ppb,0,El Cajon - Lexington Elementary School,21,88,42401,Sulfur dioxide,41740,"San Diego-Carlsbad, CA",6,California,73,San Diego,32.789565,-116.944308
7/31/20,AQS,60731022,1,0.3,ppb,0,El Cajon - Lexington Elementary School,21,88,42401,Sulfur dioxide,41740,"San Diego-Carlsbad, CA",6,California,73,San Diego,32.789565,-116.944308
8/1/20,AQS,60731022,1,0.4,ppb,0,El Cajon - Lexington Elementary School,21,88,42401,Sulfur dioxide,41740,"San Diego-Carlsbad, CA",6,California,73,San Diego,32.789565,-116.944308
8/2/20,AQS,60731022,1,0.2,ppb,0,El Cajon - Lexington Elementary School,21,88,42401,Sulfur dioxide,41740,"San Diego-Carlsbad, CA",6,California,73,San Diego,32.789565,-116.944308
8/3/20,AQS,60731022,1,0.1,ppb,0,El Cajon - Lexington Elementary School,20,83,42401,Sulfur dioxide,41740,"San Diego-Carlsbad, CA",6,California,73,San Diego,32.789565,-116.944308
8/4/20,AQS,60731022,1,0.1,ppb,0,El Cajon - Lexington Elementary School,21,88,42401,Sulfur dioxide,41740,"San Diego-Carlsbad, CA",6,California,73,San Diego,32.789565,-116.944308
8/5/20,AQS,60731022,1,0.1,ppb,0,El Cajon - Lexington Elementary School,21,88,42401,Sulfur dioxide,41740,"San Diego-Carlsbad, CA",6,California,73,San Diego,32.789565,-116.944308
8/6/20,AQS,60731022,1,0.1,ppb,0,El Cajon - Lexington Elementary School,21,88,42401,Sulfur dioxide,41740,"San Diego-Carlsbad, CA",6,California,73,San Diego,32.789565,-116.944308
8/7/20,AQS,60731022,1,0.1,ppb,0,El Cajon - Lexington Elementary School,21,88,42401,Sulfur dioxide,41740,"San Diego-Carlsbad, CA",6,California,73,San Diego,32.789565,-116.944308
8/8/20,AQS,60731022,1,0.1,ppb,0,El Cajon - Lexington Elementary School,21,88,42401,Sulfur dioxide,41740,"San Diego-Carlsbad, CA",6,California,73,San Diego,32.789565,-116.944308
8/9/20,AQS,60731022,1,0.1,ppb,0,El Cajon - Lexington Elementary School,21,88,42401,Sulfur dioxide,41740,"San Diego-Carlsbad, CA",6,California,73,San Diego,32.789565,-116.944308
8/10/20,AQS,60731022,1,0.1,ppb,0,El Cajon - Lexington Elementary School,21,88,42401,Sulfur dioxide,41740,"San Diego-Carlsbad, CA",6,California,73,San Diego,32.789565,-116.944308
8/11/20,AQS,60731022,1,0.1,ppb,0,El Cajon - Lexington Elementary School,18,75,42401,Sulfur dioxide,41740,"San Diego-Carlsbad, CA",6,California,73,San Diego,32.789565,-116.944308
8/12/20,AQS,60731022,1,0.2,ppb,0,El Cajon - Lexington Elementary School,19,79,42401,Sulfur dioxide,41740,"San Diego-Carlsbad, CA",6,California,73,San Diego,32.789565,-116.944308
8/13/20,AQS,60731022,1,0.2,ppb,0,El Cajon - Lexington Elementary School,23,96,42401,Sulfur dioxide,41740,"San Diego-Carlsbad, CA",6,California,73,San Diego,32.789565,-116.944308
8/14/20,AQS,60731022,1,0.2,ppb,0,El Cajon - Lexington Elementary School,24,100,42401,Sulfur dioxide,41740,"San Diego-Carlsbad, CA",6,California,73,San Diego,32.789565,-116.944308
8/15/20,AQS,60731022,1,0.3,ppb,0,El Cajon - Lexington Elementary School,24,100,42401,Sulfur dioxide,41740,"San Diego-Carlsbad, CA",6,California,73,San Diego,32.789565,-116.944308
8/16/20,AQS,60731022,1,0.3,ppb,0,El Cajon - Lexington Elementary School,24,100,42401,Sulfur dioxide,41740,"San Diego-Carlsbad, CA",6,California,73,San Diego,32.789565,-116.944308
8/17/20,AQS,60731022,1,0.3,ppb,0,El Cajon - Lexington Elementary School,24,100,42401,Sulfur dioxide,41740,"San Diego-Carlsbad, CA",6,California,73,San Diego,32.789565,-116.944308
8/18/20,AQS,60731022,1,0.2,ppb,0,El Cajon - Lexington Elementary School,24,100,42401,Sulfur dioxide,41740,"San Diego-Carlsbad, CA",6,California,73,San Diego,32.789565,-116.944308
8/19/20,AQS,60731022,1,0.2,ppb,0,El Cajon - Lexington Elementary School,24,100,42401,Sulfur dioxide,41740,"San Diego-Carlsbad, CA",6,California,73,San Diego,32.789565,-116.944308
8/20/20,AQS,60731022,1,0.2,ppb,0,El Cajon - Lexington Elementary School,20,83,42401,Sulfur dioxide,41740,"San Diego-Carlsbad, CA",6,California,73,San Diego,32.789565,-116.944308
8/21/20,AQS,60731022,1,0.2,ppb,0,El Cajon - Lexington Elementary School,21,88,42401,Sulfur dioxide,41740,"San Diego-Carlsbad, CA",6,California,73,San Diego,32.789565,-116.944308
8/22/20,AQS,60731022,1,0.3,ppb,0,El Cajon - Lexington Elementary School,21,88,42401,Sulfur dioxide,41740,"San Diego-Carlsbad, CA",6,California,73,San Diego,32.789565,-116.944308
8/23/20,AQS,60731022,1,0.1,ppb,0,El Cajon - Lexington Elementary School,21,88,42401,Sulfur dioxide,41740,"San Diego-Carlsbad, CA",6,California,73,San Diego,32.789565,-116.944308
8/24/20,AQS,60731022,1,0.1,ppb,0,El Cajon - Lexington Elementary School,20,83,42401,Sulfur dioxide,41740,"San Diego-Carlsbad, CA",6,California,73,San Diego,32.789565,-116.944308
8/25/20,AQS,60731022,1,0.1,ppb,0,El Cajon - Lexington Elementary School,21,88,42401,Sulfur dioxide,41740,"San Diego-Carlsbad, CA",6,California,73,San Diego,32.789565,-116.944308
8/26/20,AQS,60731022,1,0.1,ppb,0,El Cajon - Lexington Elementary School,19,79,42401,Sulfur dioxide,41740,"San Diego-Carlsbad, CA",6,California,73,San Diego,32.789565,-116.944308
8/27/20,AQS,60731022,1,0.3,ppb,0,El Cajon - Lexington Elementary School,21,88,42401,Sulfur dioxide,41740,"San Diego-Carlsbad, CA",6,California,73,San Diego,32.789565,-116.944308
8/28/20,AQS,60731022,1,0.2,ppb,0,El Cajon - Lexington Elementary School,21,88,42401,Sulfur dioxide,41740,"San Diego-Carlsbad, CA",6,California,73,San Diego,32.789565,-116.944308
8/29/20,AQS,60731022,1,0.1,ppb,0,El Cajon - Lexington Elementary School,21,88,42401,Sulfur dioxide,41740,"San Diego-Carlsbad, CA",6,California,73,San Diego,32.789565,-116.944308
8/30/20,AQS,60731022,1,0.1,ppb,0,El Cajon - Lexington Elementary School,21,88,42401,Sulfur dioxide,41740,"San Diego-Carlsbad, CA",6,California,73,San Diego,32.789565,-116.944308
8/31/20,AQS,60731022,1,0.1,ppb,0,El Cajon - Lexington Elementary School,21,88,42401,Sulfur dioxide,41740,"San Diego-Carlsbad, CA",6,California,73,San Diego,32.789565,-116.944308
9/1/20,AQS,60731022,1,0.1,ppb,0,El Cajon - Lexington Elementary School,21,88,42401,Sulfur dioxide,41740,"San Diego-Carlsbad, CA",6,California,73,San Diego,32.789565,-116.944308
9/2/20,AQS,60731022,1,0.2,ppb,0,El Cajon - Lexington Elementary School,18,75,42401,Sulfur dioxide,41740,"San Diego-Carlsbad, CA",6,California,73,San Diego,32.789565,-116.944308
9/3/20,AQS,60731022,1,0.2,ppb,0,El Cajon - Lexington Elementary School,21,88,42401,Sulfur dioxide,41740,"San Diego-Carlsbad, CA",6,California,73,San Diego,32.789565,-116.944308
9/4/20,AQS,60731022,1,0.3,ppb,0,El Cajon - Lexington Elementary School,21,88,42401,Sulfur dioxide,41740,"San Diego-Carlsbad, CA",6,California,73,San Diego,32.789565,-116.944308
9/5/20,AQS,60731022,1,0.3,ppb,0,El Cajon - Lexington Elementary School,21,88,42401,Sulfur dioxide,41740,"San Diego-Carlsbad, CA",6,California,73,San Diego,32.789565,-116.944308
9/6/20,AQS,60731022,1,0.5,ppb,0,El Cajon - Lexington Elementary School,21,88,42401,Sulfur dioxide,41740,"San Diego-Carlsbad, CA",6,California,73,San Diego,32.789565,-116.944308
9/7/20,AQS,60731022,1,0.4,ppb,0,El Cajon - Lexington Elementary School,21,88,42401,Sulfur dioxide,41740,"San Diego-Carlsbad, CA",6,California,73,San Diego,32.789565,-116.944308
9/8/20,AQS,60731022,1,0.1,ppb,0,El Cajon - Lexington Elementary School,21,88,42401,Sulfur dioxide,41740,"San Diego-Carlsbad, CA",6,California,73,San Diego,32.789565,-116.944308
9/9/20,AQS,60731022,1,0.5,ppb,0,El Cajon - Lexington Elementary School,21,88,42401,Sulfur dioxide,41740,"San Diego-Carlsbad, CA",6,California,73,San Diego,32.789565,-116.944308
9/10/20,AQS,60731022,1,0.3,ppb,0,El Cajon - Lexington Elementary School,20,83,42401,Sulfur dioxide,41740,"San Diego-Carlsbad, CA",6,California,73,San Diego,32.789565,-116.944308
9/11/20,AQS,60731022,1,0.4,ppb,0,El Cajon - Lexington Elementary School,21,88,42401,Sulfur dioxide,41740,"San Diego-Carlsbad, CA",6,California,73,San Diego,32.789565,-116.944308
9/12/20,AQS,60731022,1,0.6,ppb,0,El Cajon - Lexington Elementary School,21,88,42401,Sulfur dioxide,41740,"San Diego-Carlsbad, CA",6,California,73,San Diego,32.789565,-116.944308
9/13/20,AQS,60731022,1,0.4,ppb,0,El Cajon - Lexington Elementary School,21,88,42401,Sulfur dioxide,41740,"San Diego-Carlsbad, CA",6,California,73,San Diego,32.789565,-116.944308
9/14/20,AQS,60731022,1,0.4,ppb,0,El Cajon - Lexington Elementary School,21,88,42401,Sulfur dioxide,41740,"San Diego-Carlsbad, CA",6,California,73,San Diego,32.789565,-116.944308
9/15/20,AQS,60731022,1,0.3,ppb,0,El Cajon - Lexington Elementary School,21,88,42401,Sulfur dioxide,41740,"San Diego-Carlsbad, CA",6,California,73,San Diego,32.789565,-116.944308
9/16/20,AQS,60731022,1,0.8,ppb,0,El Cajon - Lexington Elementary School,21,88,42401,Sulfur dioxide,41740,"San Diego-Carlsbad, CA",6,California,73,San Diego,32.789565,-116.944308
9/17/20,AQS,60731022,1,0.3,ppb,0,El Cajon - Lexington Elementary School,21,88,42401,Sulfur dioxide,41740,"San Diego-Carlsbad, CA",6,California,73,San Diego,32.789565,-116.944308
9/18/20,AQS,60731022,1,0.3,ppb,0,El Cajon - Lexington Elementary School,24,100,42401,Sulfur dioxide,41740,"San Diego-Carlsbad, CA",6,California,73,San Diego,32.789565,-116.944308
9/19/20,AQS,60731022,1,0.3,ppb,0,El Cajon - Lexington Elementary School,21,88,42401,Sulfur dioxide,41740,"San Diego-Carlsbad, CA",6,California,73,San Diego,32.789565,-116.944308
9/20/20,AQS,60731022,1,0.2,ppb,0,El Cajon - Lexington Elementary School,21,88,42401,Sulfur dioxide,41740,"San Diego-Carlsbad, CA",6,California,73,San Diego,32.789565,-116.944308
9/21/20,AQS,60731022,1,0.1,ppb,0,El Cajon - Lexington Elementary School,21,88,42401,Sulfur dioxide,41740,"San Diego-Carlsbad, CA",6,California,73,San Diego,32.789565,-116.944308
9/22/20,AQS,60731022,1,0.1,ppb,0,El Cajon - Lexington Elementary School,20,83,42401,Sulfur dioxide,41740,"San Diego-Carlsbad, CA",6,California,73,San Diego,32.789565,-116.944308
9/23/20,AQS,60731022,1,0.1,ppb,0,El Cajon - Lexington Elementary School,21,88,42401,Sulfur dioxide,41740,"San Diego-Carlsbad, CA",6,California,73,San Diego,32.789565,-116.944308
9/24/20,AQS,60731022,1,0.4,ppb,0,El Cajon - Lexington Elementary School,21,88,42401,Sulfur dioxide,41740,"San Diego-Carlsbad, CA",6,California,73,San Diego,32.789565,-116.944308
9/25/20,AQS,60731022,1,0.2,ppb,0,El Cajon - Lexington Elementary School,21,88,42401,Sulfur dioxide,41740,"San Diego-Carlsbad, CA",6,California,73,San Diego,32.789565,-116.944308
9/26/20,AQS,60731022,1,0.2,ppb,0,El Cajon - Lexington Elementary School,21,88,42401,Sulfur dioxide,41740,"San Diego-Carlsbad, CA",6,California,73,San Diego,32.789565,-116.944308
9/27/20,AQS,60731022,1,0.2,ppb,0,El Cajon - Lexington Elementary School,21,88,42401,Sulfur dioxide,41740,"San Diego-Carlsbad, CA",6,California,73,San Diego,32.789565,-116.944308
9/28/20,AQS,60731022,1,0.2,ppb,0,El Cajon - Lexington Elementary School,21,88,42401,Sulfur dioxide,41740,"San Diego-Carlsbad, CA",6,California,73,San Diego,32.789565,-116.944308
9/29/20,AQS,60731022,1,0.2,ppb,0,El Cajon - Lexington Elementary School,21,88,42401,Sulfur dioxide,41740,"San Diego-Carlsbad, CA",6,California,73,San Diego,32.789565,-116.944308
9/30/20,AQS,60731022,1,0.2,ppb,0,El Cajon - Lexington Elementary School,20,83,42401,Sulfur dioxide,41740,"San Diego-Carlsbad, CA",6,California,73,San Diego,32.789565,-116.944308
10/1/20,AQS,60731022,1,0.5,ppb,0,El Cajon - Lexington Elementary School,21,88,42401,Sulfur dioxide,41740,"San Diego-Carlsbad, CA",6,California,73,San Diego,32.789565,-116.944308
10/2/20,AQS,60731022,1,0.4,ppb,0,El Cajon - Lexington Elementary School,21,88,42401,Sulfur dioxide,41740,"San Diego-Carlsbad, CA",6,California,73,San Diego,32.789565,-116.944308
10/3/20,AQS,60731022,1,0.5,ppb,0,El Cajon - Lexington Elementary School,21,88,42401,Sulfur dioxide,41740,"San Diego-Carlsbad, CA",6,California,73,San Diego,32.789565,-116.944308
10/4/20,AQS,60731022,1,0.5,ppb,0,El Cajon - Lexington Elementary School,21,88,42401,Sulfur dioxide,41740,"San Diego-Carlsbad, CA",6,California,73,San Diego,32.789565,-116.944308
10/5/20,AQS,60731022,1,0.3,ppb,0,El Cajon - Lexington Elementary School,20,83,42401,Sulfur dioxide,41740,"San Diego-Carlsbad, CA",6,California,73,San Diego,32.789565,-116.944308
10/6/20,AQS,60731022,1,0.4,ppb,0,El Cajon - Lexington Elementary School,21,88,42401,Sulfur dioxide,41740,"San Diego-Carlsbad, CA",6,California,73,San Diego,32.789565,-116.944308
10/7/20,AQS,60731022,1,0.2,ppb,0,El Cajon - Lexington Elementary School,21,88,42401,Sulfur dioxide,41740,"San Diego-Carlsbad, CA",6,California,73,San Diego,32.789565,-116.944308
10/8/20,AQS,60731022,1,0.1,ppb,0,El Cajon - Lexington Elementary School,21,88,42401,Sulfur dioxide,41740,"San Diego-Carlsbad, CA",6,California,73,San Diego,32.789565,-116.944308
10/11/20,AQS,60731022,1,0.1,ppb,0,El Cajon - Lexington Elementary School,21,88,42401,Sulfur dioxide,41740,"San Diego-Carlsbad, CA",6,California,73,San Diego,32.789565,-116.944308
10/12/20,AQS,60731022,1,0.2,ppb,0,El Cajon - Lexington Elementary School,21,88,42401,Sulfur dioxide,41740,"San Diego-Carlsbad, CA",6,California,73,San Diego,32.789565,-116.944308
10/13/20,AQS,60731022,1,0.2,ppb,0,El Cajon - Lexington Elementary School,21,88,42401,Sulfur dioxide,41740,"San Diego-Carlsbad, CA",6,California,73,San Diego,32.789565,-116.944308
10/14/20,AQS,60731022,1,0.4,ppb,0,El Cajon - Lexington Elementary School,21,88,42401,Sulfur dioxide,41740,"San Diego-Carlsbad, CA",6,California,73,San Diego,32.789565,-116.944308
10/15/20,AQS,60731022,1,0.7,ppb,0,El Cajon - Lexington Elementary School,21,88,42401,Sulfur dioxide,41740,"San Diego-Carlsbad, CA",6,California,73,San Diego,32.789565,-116.944308
10/16/20,AQS,60731022,1,0.3,ppb,0,El Cajon - Lexington Elementary School,21,88,42401,Sulfur dioxide,41740,"San Diego-Carlsbad, CA",6,California,73,San Diego,32.789565,-116.944308
10/17/20,AQS,60731022,1,0.6,ppb,0,El Cajon - Lexington Elementary School,21,88,42401,Sulfur dioxide,41740,"San Diego-Carlsbad, CA",6,California,73,San Diego,32.789565,-116.944308
10/18/20,AQS,60731022,1,0.5,ppb,0,El Cajon - Lexington Elementary School,21,88,42401,Sulfur dioxide,41740,"San Diego-Carlsbad, CA",6,California,73,San Diego,32.789565,-116.944308
10/19/20,AQS,60731022,1,0.3,ppb,0,El Cajon - Lexington Elementary School,21,88,42401,Sulfur dioxide,41740,"San Diego-Carlsbad, CA",6,California,73,San Diego,32.789565,-116.944308
10/20/20,AQS,60731022,1,0.1,ppb,0,El Cajon - Lexington Elementary School,21,88,42401,Sulfur dioxide,41740,"San Diego-Carlsbad, CA",6,California,73,San Diego,32.789565,-116.944308
10/21/20,AQS,60731022,1,0.1,ppb,0,El Cajon - Lexington Elementary School,21,88,42401,Sulfur dioxide,41740,"San Diego-Carlsbad, CA",6,California,73,San Diego,32.789565,-116.944308
10/22/20,AQS,60731022,1,0.1,ppb,0,El Cajon - Lexington Elementary School,21,88,42401,Sulfur dioxide,41740,"San Diego-Carlsbad, CA",6,California,73,San Diego,32.789565,-116.944308
10/23/20,AQS,60731022,1,0.1,ppb,0,El Cajon - Lexington Elementary School,21,88,42401,Sulfur dioxide,41740,"San Diego-Carlsbad, CA",6,California,73,San Diego,32.789565,-116.944308
10/24/20,AQS,60731022,1,0,ppb,0,El Cajon - Lexington Elementary School,21,88,42401,Sulfur dioxide,41740,"San Diego-Carlsbad, CA",6,California,73,San Diego,32.789565,-116.944308
10/25/20,AQS,60731022,1,0,ppb,0,El Cajon - Lexington Elementary School,21,88,42401,Sulfur dioxide,41740,"San Diego-Carlsbad, CA",6,California,73,San Diego,32.789565,-116.944308
10/26/20,AQS,60731022,1,0.1,ppb,0,El Cajon - Lexington Elementary School,21,88,42401,Sulfur dioxide,41740,"San Diego-Carlsbad, CA",6,California,73,San Diego,32.789565,-116.944308
10/27/20,AQS,60731022,1,0.2,ppb,0,El Cajon - Lexington Elementary School,21,88,42401,Sulfur dioxide,41740,"San Diego-Carlsbad, CA",6,California,73,San Diego,32.789565,-116.944308
10/28/20,AQS,60731022,1,0.3,ppb,0,El Cajon - Lexington Elementary School,21,88,42401,Sulfur dioxide,41740,"San Diego-Carlsbad, CA",6,California,73,San Diego,32.789565,-116.944308
10/29/20,AQS,60731022,1,0.3,ppb,0,El Cajon - Lexington Elementary School,21,88,42401,Sulfur dioxide,41740,"San Diego-Carlsbad, CA",6,California,73,San Diego,32.789565,-116.944308
10/30/20,AQS,60731022,1,0.3,ppb,0,El Cajon - Lexington Elementary School,21,88,42401,Sulfur dioxide,41740,"San Diego-Carlsbad, CA",6,California,73,San Diego,32.789565,-116.944308
10/31/20,AQS,60731022,1,0.5,ppb,0,El Cajon - Lexington Elementary School,21,88,42401,Sulfur dioxide,41740,"San Diego-Carlsbad, CA",6,California,73,San Diego,32.789565,-116.944308
11/1/20,AQS,60731022,1,0.3,ppb,0,El Cajon - Lexington Elementary School,21,88,42401,Sulfur dioxide,41740,"San Diego-Carlsbad, CA",6,California,73,San Diego,32.789565,-116.944308
11/2/20,AQS,60731022,1,0.5,ppb,0,El Cajon - Lexington Elementary School,21,88,42401,Sulfur dioxide,41740,"San Diego-Carlsbad, CA",6,California,73,San Diego,32.789565,-116.944308
11/3/20,AQS,60731022,1,0.2,ppb,0,El Cajon - Lexington Elementary School,21,88,42401,Sulfur dioxide,41740,"San Diego-Carlsbad, CA",6,California,73,San Diego,32.789565,-116.944308
11/4/20,AQS,60731022,1,0.3,ppb,0,El Cajon - Lexington Elementary School,21,88,42401,Sulfur dioxide,41740,"San Diego-Carlsbad, CA",6,California,73,San Diego,32.789565,-116.944308
11/5/20,AQS,60731022,1,0.2,ppb,0,El Cajon - Lexington Elementary School,21,88,42401,Sulfur dioxide,41740,"San Diego-Carlsbad, CA",6,California,73,San Diego,32.789565,-116.944308
11/7/20,AQS,60731022,1,0,ppb,0,El Cajon - Lexington Elementary School,21,88,42401,Sulfur dioxide,41740,"San Diego-Carlsbad, CA",6,California,73,San Diego,32.789565,-116.944308
11/8/20,AQS,60731022,1,0,ppb,0,El Cajon - Lexington Elementary School,21,88,42401,Sulfur dioxide,41740,"San Diego-Carlsbad, CA",6,California,73,San Diego,32.789565,-116.944308
11/9/20,AQS,60731022,1,0.1,ppb,0,El Cajon - Lexington Elementary School,21,88,42401,Sulfur dioxide,41740,"San Diego-Carlsbad, CA",6,California,73,San Diego,32.789565,-116.944308
11/10/20,AQS,60731022,1,0.2,ppb,0,El Cajon - Lexington Elementary School,21,88,42401,Sulfur dioxide,41740,"San Diego-Carlsbad, CA",6,California,73,San Diego,32.789565,-116.944308
11/11/20,AQS,60731022,1,0.2,ppb,0,El Cajon - Lexington Elementary School,21,88,42401,Sulfur dioxide,41740,"San Diego-Carlsbad, CA",6,California,73,San Diego,32.789565,-116.944308
11/12/20,AQS,60731022,1,0.3,ppb,0,El Cajon - Lexington Elementary School,21,88,42401,Sulfur dioxide,41740,"San Diego-Carlsbad, CA",6,California,73,San Diego,32.789565,-116.944308
11/14/20,AQS,60731022,1,0.1,ppb,0,El Cajon - Lexington Elementary School,21,88,42401,Sulfur dioxide,41740,"San Diego-Carlsbad, CA",6,California,73,San Diego,32.789565,-116.944308
11/15/20,AQS,60731022,1,0.2,ppb,0,El Cajon - Lexington Elementary School,21,88,42401,Sulfur dioxide,41740,"San Diego-Carlsbad, CA",6,California,73,San Diego,32.789565,-116.944308
11/16/20,AQS,60731022,1,0.3,ppb,0,El Cajon - Lexington Elementary School,21,88,42401,Sulfur dioxide,41740,"San Diego-Carlsbad, CA",6,California,73,San Diego,32.789565,-116.944308
11/17/20,AQS,60731022,1,0.3,ppb,0,El Cajon - Lexington Elementary School,19,79,42401,Sulfur dioxide,41740,"San Diego-Carlsbad, CA",6,California,73,San Diego,32.789565,-116.944308
11/18/20,AQS,60731022,1,0.2,ppb,0,El Cajon - Lexington Elementary School,21,88,42401,Sulfur dioxide,41740,"San Diego-Carlsbad, CA",6,California,73,San Diego,32.789565,-116.944308
11/19/20,AQS,60731022,1,0.2,ppb,0,El Cajon - Lexington Elementary School,20,83,42401,Sulfur dioxide,41740,"San Diego-Carlsbad, CA",6,California,73,San Diego,32.789565,-116.944308
11/20/20,AQS,60731022,1,0.3,ppb,0,El Cajon - Lexington Elementary School,21,88,42401,Sulfur dioxide,41740,"San Diego-Carlsbad, CA",6,California,73,San Diego,32.789565,-116.944308
11/21/20,AQS,60731022,1,0.2,ppb,0,El Cajon - Lexington Elementary School,21,88,42401,Sulfur dioxide,41740,"San Diego-Carlsbad, CA",6,California,73,San Diego,32.789565,-116.944308
11/22/20,AQS,60731022,1,0.4,ppb,0,El Cajon - Lexington Elementary School,21,88,42401,Sulfur dioxide,41740,"San Diego-Carlsbad, CA",6,California,73,San Diego,32.789565,-116.944308
11/23/20,AQS,60731022,1,0.1,ppb,0,El Cajon - Lexington Elementary School,21,88,42401,Sulfur dioxide,41740,"San Diego-Carlsbad, CA",6,California,73,San Diego,32.789565,-116.944308
11/24/20,AQS,60731022,1,0.1,ppb,0,El Cajon - Lexington Elementary School,20,83,42401,Sulfur dioxide,41740,"San Diego-Carlsbad, CA",6,California,73,San Diego,32.789565,-116.944308
11/25/20,AQS,60731022,1,0.2,ppb,0,El Cajon - Lexington Elementary School,21,88,42401,Sulfur dioxide,41740,"San Diego-Carlsbad, CA",6,California,73,San Diego,32.789565,-116.944308
11/26/20,AQS,60731022,1,0.1,ppb,0,El Cajon - Lexington Elementary School,21,88,42401,Sulfur dioxide,41740,"San Diego-Carlsbad, CA",6,California,73,San Diego,32.789565,-116.944308
11/27/20,AQS,60731022,1,0.3,ppb,0,El Cajon - Lexington Elementary School,21,88,42401,Sulfur dioxide,41740,"San Diego-Carlsbad, CA",6,California,73,San Diego,32.789565,-116.944308
11/28/20,AQS,60731022,1,0.3,ppb,0,El Cajon - Lexington Elementary School,21,88,42401,Sulfur dioxide,41740,"San Diego-Carlsbad, CA",6,California,73,San Diego,32.789565,-116.944308
11/29/20,AQS,60731022,1,0.4,ppb,0,El Cajon - Lexington Elementary School,21,88,42401,Sulfur dioxide,41740,"San Diego-Carlsbad, CA",6,California,73,San Diego,32.789565,-116.944308
11/30/20,AQS,60731022,1,0.4,ppb,0,El Cajon - Lexington Elementary School,21,88,42401,Sulfur dioxide,41740,"San Diego-Carlsbad, CA",6,California,73,San Diego,32.789565,-116.944308
12/1/20,AQS,60731022,1,0.5,ppb,0,El Cajon - Lexington Elementary School,21,88,42401,Sulfur dioxide,41740,"San Diego-Carlsbad, CA",6,California,73,San Diego,32.789565,-116.944308
12/2/20,AQS,60731022,1,0.3,ppb,0,El Cajon - Lexington Elementary School,21,88,42401,Sulfur dioxide,41740,"San Diego-Carlsbad, CA",6,California,73,San Diego,32.789565,-116.944308
12/3/20,AQS,60731022,1,0.2,ppb,0,El Cajon - Lexington Elementary School,20,83,42401,Sulfur dioxide,41740,"San Diego-Carlsbad, CA",6,California,73,San Diego,32.789565,-116.944308
12/5/20,AQS,60731022,1,0.4,ppb,0,El Cajon - Lexington Elementary School,21,88,42401,Sulfur dioxide,41740,"San Diego-Carlsbad, CA",6,California,73,San Diego,32.789565,-116.944308
12/6/20,AQS,60731022,1,0.3,ppb,0,El Cajon - Lexington Elementary School,21,88,42401,Sulfur dioxide,41740,"San Diego-Carlsbad, CA",6,California,73,San Diego,32.789565,-116.944308
12/7/20,AQS,60731022,1,0.6,ppb,0,El Cajon - Lexington Elementary School,21,88,42401,Sulfur dioxide,41740,"San Diego-Carlsbad, CA",6,California,73,San Diego,32.789565,-116.944308
12/8/20,AQS,60731022,1,0.3,ppb,0,El Cajon - Lexington Elementary School,21,88,42401,Sulfur dioxide,41740,"San Diego-Carlsbad, CA",6,California,73,San Diego,32.789565,-116.944308
12/9/20,AQS,60731022,1,0.3,ppb,0,El Cajon - Lexington Elementary School,21,88,42401,Sulfur dioxide,41740,"San Diego-Carlsbad, CA",6,California,73,San Diego,32.789565,-116.944308
12/10/20,AQS,60731022,1,0.2,ppb,0,El Cajon - Lexington Elementary School,21,88,42401,Sulfur dioxide,41740,"San Diego-Carlsbad, CA",6,California,73,San Diego,32.789565,-116.944308
12/11/20,AQS,60731022,1,0.3,ppb,0,El Cajon - Lexington Elementary School,21,88,42401,Sulfur dioxide,41740,"San Diego-Carlsbad, CA",6,California,73,San Diego,32.789565,-116.944308
12/12/20,AQS,60731022,1,0.7,ppb,0,El Cajon - Lexington Elementary School,21,88,42401,Sulfur dioxide,41740,"San Diego-Carlsbad, CA",6,California,73,San Diego,32.789565,-116.944308
12/13/20,AQS,60731022,1,0.2,ppb,0,El Cajon - Lexington Elementary School,21,88,42401,Sulfur dioxide,41740,"San Diego-Carlsbad, CA",6,California,73,San Diego,32.789565,-116.944308
12/14/20,AQS,60731022,1,0.1,ppb,0,El Cajon - Lexington Elementary School,21,88,42401,Sulfur dioxide,41740,"San Diego-Carlsbad, CA",6,California,73,San Diego,32.789565,-116.944308
12/15/20,AQS,60731022,1,0.2,ppb,0,El Cajon - Lexington Elementary School,21,88,42401,Sulfur dioxide,41740,"San Diego-Carlsbad, CA",6,California,73,San Diego,32.789565,-116.944308
12/16/20,AQS,60731022,1,0.3,ppb,0,El Cajon - Lexington Elementary School,21,88,42401,Sulfur dioxide,41740,"San Diego-Carlsbad, CA",6,California,73,San Diego,32.789565,-116.944308
12/17/20,AQS,60731022,1,0.4,ppb,0,El Cajon - Lexington Elementary School,21,88,42401,Sulfur dioxide,41740,"San Diego-Carlsbad, CA",6,California,73,San Diego,32.789565,-116.944308
12/18/20,AQS,60731022,1,0.2,ppb,0,El Cajon - Lexington Elementary School,21,88,42401,Sulfur dioxide,41740,"San Diego-Carlsbad, CA",6,California,73,San Diego,32.789565,-116.944308
12/19/20,AQS,60731022,1,0.4,ppb,0,El Cajon - Lexington Elementary School,21,88,42401,Sulfur dioxide,41740,"San Diego-Carlsbad, CA",6,California,73,San Diego,32.789565,-116.944308
12/20/20,AQS,60731022,1,0.6,ppb,0,El Cajon - Lexington Elementary School,21,88,42401,Sulfur dioxide,41740,"San Diego-Carlsbad, CA",6,California,73,San Diego,32.789565,-116.944308
12/21/20,AQS,60731022,1,0.4,ppb,0,El Cajon - Lexington Elementary School,21,88,42401,Sulfur dioxide,41740,"San Diego-Carlsbad, CA",6,California,73,San Diego,32.789565,-116.944308
12/22/20,AQS,60731022,1,0.3,ppb,0,El Cajon - Lexington Elementary School,21,88,42401,Sulfur dioxide,41740,"San Diego-Carlsbad, CA",6,California,73,San Diego,32.789565,-116.944308
12/23/20,AQS,60731022,1,0.4,ppb,0,El Cajon - Lexington Elementary School,21,88,42401,Sulfur dioxide,41740,"San Diego-Carlsbad, CA",6,California,73,San Diego,32.789565,-116.944308
12/24/20,AQS,60731022,1,0.8,ppb,0,El Cajon - Lexington Elementary School,21,88,42401,Sulfur dioxide,41740,"San Diego-Carlsbad, CA",6,California,73,San Diego,32.789565,-116.944308
12/25/20,AQS,60731022,1,0.4,ppb,0,El Cajon - Lexington Elementary School,21,88,42401,Sulfur dioxide,41740,"San Diego-Carlsbad, CA",6,California,73,San Diego,32.789565,-116.944308
12/26/20,AQS,60731022,1,0.3,ppb,0,El Cajon - Lexington Elementary School,21,88,42401,Sulfur dioxide,41740,"San Diego-Carlsbad, CA",6,California,73,San Diego,32.789565,-116.944308
12/27/20,AQS,60731022,1,0.2,ppb,0,El Cajon - Lexington Elementary School,21,88,42401,Sulfur dioxide,41740,"San Diego-Carlsbad, CA",6,California,73,San Diego,32.789565,-116.944308
12/28/20,AQS,60731022,1,0,ppb,0,El Cajon - Lexington Elementary School,21,88,42401,Sulfur dioxide,41740,"San Diego-Carlsbad, CA",6,California,73,San Diego,32.789565,-116.944308
12/29/20,AQS,60731022,1,0.2,ppb,0,El Cajon - Lexington Elementary School,19,79,42401,Sulfur dioxide,41740,"San Diego-Carlsbad, CA",6,California,73,San Diego,32.789565,-116.944308
12/31/20,AQS,60731022,1,0.3,ppb,0,El Cajon - Lexington Elementary School,21,88,42401,Sulfur dioxide,41740,"San Diego-Carlsbad, CA",6,California,73,San Diego,32.789565,-116.944308